hb143,1
hb998,1
hb099,2
hb128,2
hb170,2
hb179,2
hb253,2
hb254,2
hb143,3
hb248,3
hb252,3
hb998,3
hb001,4
hb088,4
hb099,4
hb128,4
hb152,4
hb153,4
hb154,4
hb179,4
hb188,4
hb233,4
hb235,4
hb240,4
hb241,4
hb247,4
hb250,4
hb099,5
hb128,5
hb143,5
hb202,5
hb252,5
hb700,5
hb701,5
hb702,5
hb703,5
hb998,5
hb001,6
hb088,6
hb099,6
hb128,6
hb143,6
hb152,6
hb154,6
hb188,6
hb202,6
hb203,6
hb204,6
hb205,6
hb235,6
hb240,6
hb241,6
hb247,6
hb700,6
hb001,7
hb188,7
hb235,7
hb240,7
hb088,8
hb154,8
hb179,8
hb188,8
hb240,8
hb241,8
hb247,8
hb088,9
hb108,9
hb152,9
hb154,9
hb241,9
hb001,11
hb088,11
hb099,11
hb152,11
hb154,11
hb188,11
hb203,11
hb235,11
hb155,12
hb245,12
hb251,12
hb258,12
hb700,12
hb701,12
hb702,12
hb220,13
hb245,13
hb249,13
hb998,13
hb088,14
hb152,14
hb154,14
hb188,14
hb202,14
hb235,14
hb240,14
hb241,14
hb247,14
hb143,15
hb156,15
hb220,15
hb245,15
hb249,15
hb251,15
hb258,15
hb259,15
hb998,15
hb088,16
hb099,16
hb143,16
hb152,16
hb154,16
hb188,16
hb202,16
hb203,16
hb204,16
hb205,16
hb233,16
hb235,16
hb240,16
hb241,16
hb247,16
hb099,17
hb143,17
hb169,17
hb170,17
hb239,17
hb253,17
hb254,17
hb998,17
hb088,18
hb099,18
hb128,18
hb152,18
hb153,18
hb154,18
hb179,18
hb188,18
hb203,18
hb205,18
hb235,18
hb240,18
hb241,18
hb247,18
hb700,18
hb088,19
hb143,19
hb166,19
hb169,19
hb170,19
hb202,19
hb253,19
hb254,19
hb700,19
hb998,19
hb088,20
hb128,20
hb152,20
hb154,20
hb179,20
hb187,20
hb188,20
hb202,20
hb203,20
hb204,20
hb205,20
hb233,20
hb240,20
hb241,20
hb247,20
hb255,20
hb001,21
hb065,21
hb088,21
hb128,21
hb154,21
hb179,21
hb181,21
hb187,21
hb188,21
hb202,21
hb203,21
hb204,21
hb205,21
hb233,21
hb240,21
hb241,21
hb247,21
hb255,21
hb155,22
hb166,22
hb169,22
hb170,22
hb239,22
hb245,22
hb249,22
hb251,22
hb252,22
hb253,22
hb254,22
hb256,22
hb001,23
hb065,23
hb088,23
hb108,23
hb128,23
hb152,23
hb172,23
hb173,23
hb174,23
hb179,23
hb188,23
hb202,23
hb203,23
hb204,23
hb205,23
hb233,23
hb240,23
hb241,23
hb247,23
hb255,23
hb700,23
hb143,24
hb155,24
hb202,24
hb220,24
hb248,24
hb249,24
hb251,24
hb252,24
hb700,24
hb701,24
hb998,24
hb001,25
hb088,25
hb108,25
hb152,25
hb154,25
hb187,25
hb188,25
hb202,25
hb203,25
hb204,25
hb205,25
hb235,25
hb240,25
hb241,25
hb247,25
hb255,25
hb257,25
hb001,26
hb088,26
hb108,26
hb152,26
hb153,26
hb172,26
hb173,26
hb174,26
hb187,26
hb188,26
hb202,26
hb203,26
hb204,26
hb205,26
hb233,26
hb240,26
hb241,26
hb247,26
hb255,26
hb257,26
hb143,27
hb155,27
hb156,27
hb166,27
hb188,27
hb202,27
hb239,27
hb245,27
hb248,27
hb249,27
hb251,27
hb258,27
hb998,27
hb001,28
hb088,28
hb108,28
hb152,28
hb179,28
hb187,28
hb188,28
hb202,28
hb235,28
hb240,28
hb241,28
hb253,28
hb255,28
hb257,28
hb143,29
hb155,29
hb166,29
hb169,29
hb170,29
hb220,29
hb245,29
hb248,29
hb249,29
hb251,29
hb254,29
hb258,29
hb998,29
hb065,30
hb088,30
hb139,30
hb140,30
hb143,30
hb155,30
hb166,30
hb169,30
hb170,30
hb239,30
hb245,30
hb248,30
hb249,30
hb251,30
hb254,30
hb258,30
hb998,30
hb001,31
hb065,31
hb088,31
hb108,31
hb152,31
hb153,31
hb179,31
hb188,31
hb202,31
hb233,31
hb235,31
hb240,31
hb241,31
hb247,31
hb255,31
hb257,31
hb065,32
hb088,32
hb143,32
hb155,32
hb179,32
hb187,32
hb202,32
hb220,32
hb248,32
hb251,32
hb252,32
hb258,32
hb259,32
hb998,32
hb001,33
hb065,33
hb088,33
hb108,33
hb128,33
hb152,33
hb153,33
hb154,33
hb179,33
hb181,33
hb187,33
hb188,33
hb202,33
hb203,33
hb204,33
hb205,33
hb240,33
hb241,33
hb247,33
hb255,33
hb257,33
hb001,34
hb088,34
hb108,34
hb128,34
hb172,34
hb173,34
hb174,34
hb179,34
hb187,34
hb188,34
hb202,34
hb203,34
hb204,34
hb205,34
hb233,34
hb235,34
hb240,34
hb241,34
hb247,34
hb255,34
hb257,34
hb700,34
hb139,35
hb140,35
hb143,35
hb156,35
hb239,35
hb245,35
hb248,35
hb249,35
hb251,35
hb252,35
hb258,35
hb998,35
hb088,36
hb143,36
hb155,36
hb169,36
hb170,36
hb179,36
hb220,36
hb245,36
hb248,36
hb249,36
hb251,36
hb252,36
hb255,36
hb257,36
hb258,36
hb259,36
hb700,36
hb998,36
hb001,37
hb088,37
hb108,37
hb188,37
hb240,37
hb241,37
hb247,37
hb255,37
hb257,37
hb088,38
hb128,38
hb152,38
hb179,38
hb188,38
hb203,38
hb204,38
hb205,38
hb088,39
hb152,39
hb153,39
hb154,39
hb172,39
hb173,39
hb174,39
hb187,39
hb188,39
hb202,39
hb235,39
hb240,39
hb241,39
hb247,39
hb255,39
hb700,39
hb701,39
hb139,40
hb140,40
hb155,40
hb170,40
hb245,40
hb248,40
hb249,40
hb258,40
hb700,40
hb088,41
hb128,41
hb143,41
hb154,41
hb155,41
hb156,41
hb166,41
hb169,41
hb170,41
hb179,41
hb188,41
hb220,41
hb245,41
hb248,41
hb249,41
hb251,41
hb252,41
hb254,41
hb258,41
hb259,41
hb998,41
hb001,42
hb088,42
hb128,42
hb152,42
hb153,42
hb172,42
hb173,42
hb174,42
hb179,42
hb187,42
hb188,42
hb202,42
hb233,42
hb240,42
hb241,42
hb700,42
hb088,43
hb143,43
hb156,43
hb188,43
hb202,43
hb245,43
hb249,43
hb251,43
hb258,43
hb998,43
hb143,44
hb155,44
hb166,44
hb220,44
hb245,44
hb248,44
hb249,44
hb251,44
hb252,44
hb258,44
hb259,44
hb998,44
hb001,45
hb088,45
hb188,45
hb202,45
hb203,45
hb204,45
hb205,45
hb240,45
hb241,45
hb001,46
hb188,46
hb240,46
hb088,47
hb152,47
hb181,47
hb203,47
hb204,47
hb205,47
hb241,47
hb143,48
hb156,48
hb169,48
hb170,48
hb202,48
hb245,48
hb248,48
hb249,48
hb251,48
hb254,48
hb258,48
hb261,48
hb700,48
hb998,48
hb001,49
hb088,49
hb108,49
hb128,49
hb143,49
hb152,49
hb174,49
hb179,49
hb188,49
hb202,49
hb203,49
hb204,49
hb205,49
hb233,49
hb235,49
hb240,49
hb241,49
hb247,49
hb257,49
hb260,49
hb143,50
hb155,50
hb166,50
hb179,50
hb220,50
hb245,50
hb248,50
hb249,50
hb251,50
hb252,50
hb258,50
hb259,50
hb998,50
hb088,51
hb108,51
hb187,51
hb188,51
hb202,51
hb235,51
hb240,51
hb241,51
hb139,52
hb140,52
hb143,52
hb155,52
hb156,52
hb169,52
hb170,52
hb245,52
hb248,52
hb249,52
hb251,52
hb254,52
hb258,52
hb261,52
hb262,52
hb998,52
hb001,53
hb088,53
hb108,53
hb152,53
hb172,53
hb173,53
hb174,53
hb179,53
hb187,53
hb188,53
hb204,53
hb205,53
hb233,53
hb235,53
hb240,53
hb241,53
hb257,53
hb700,53
hb001,54
hb088,54
hb143,54
hb152,54
hb154,54
hb172,54
hb173,54
hb174,54
hb187,54
hb188,54
hb204,54
hb205,54
hb233,54
hb235,54
hb240,54
hb241,54
hb247,54
hb139,55
hb143,55
hb220,55
hb245,55
hb248,55
hb249,55
hb251,55
hb252,55
hb258,55
hb259,55
hb998,55
hb235,56
hb240,56
hb152,57
hb153,57
hb154,57
hb181,57
hb088,59
hb235,59
hb139,60
hb140,60
hb143,60
hb245,60
hb249,60
hb251,60
hb258,60
hb261,60
hb262,60
hb998,60
hb001,61
hb088,61
hb108,61
hb143,61
hb152,61
hb154,61
hb155,61
hb187,61
hb188,61
hb202,61
hb233,61
hb235,61
hb240,61
hb247,61
hb257,61
hb155,62
hb179,62
hb202,62
hb220,62
hb245,62
hb252,62
hb259,62
hb998,62
hb088,63
hb152,63
hb153,63
hb154,63
hb179,63
hb187,63
hb188,63
hb202,63
hb240,63
hb241,63
hb247,63
hb088,64
hb152,64
hb187,64
hb188,64
hb202,64
hb240,64
hb241,64
hb247,64
hb252,64
hb001,65
hb152,65
hb154,65
hb172,65
hb173,65
hb174,65
hb179,65
hb187,65
hb188,65
hb202,65
hb233,65
hb235,65
hb088,66
hb152,66
hb154,66
hb179,66
hb188,66
hb235,66
hb240,66
hb241,66
hb247,66
hb088,67
hb152,67
hb154,67
hb188,67
hb202,67
hb203,67
hb204,67
hb205,67
hb235,67
hb240,67
hb241,67
hb247,67
hb001,68
hb088,68
hb154,68
hb188,68
hb202,68
hb240,68
hb241,68
hb088,69
hb152,69
hb153,69
hb154,69
hb172,69
hb173,69
hb174,69
hb179,69
hb187,69
hb188,69
hb202,69
hb203,69
hb204,69
hb205,69
hb233,69
hb235,69
hb240,69
hb241,69
hb247,69
hb001,70
hb088,70
hb152,70
hb153,70
hb154,70
hb172,70
hb173,70
hb174,70
hb188,70
hb202,70
hb203,70
hb204,70
hb205,70
hb233,70
hb235,70
hb240,70
hb241,70
hb247,70
hb139,71
hb140,71
hb143,71
hb155,71
hb156,71
hb169,71
hb170,71
hb179,71
hb202,71
hb249,71
hb251,71
hb252,71
hb254,71
hb256,71
hb258,71
hb261,71
hb262,71
hb998,71
hb143,72
hb155,72
hb202,72
hb220,72
hb249,72
hb251,72
hb258,72
hb259,72
hb998,72
hb143,73
hb220,73
hb245,73
hb251,73
hb258,73
hb259,73
hb998,73
hb139,74
hb140,74
hb143,74
hb156,74
hb202,74
hb245,74
hb249,74
hb251,74
hb258,74
hb261,74
hb262,74
hb998,74
hb139,75
hb140,75
hb156,75
hb245,75
hb251,75
hb252,75
hb258,75
hb143,76
hb220,76
hb245,76
hb251,76
hb258,76
hb259,76
hb998,76
hb139,77
hb140,77
hb143,77
hb248,77
hb251,77
hb252,77
hb258,77
hb998,77
hb143,78
hb220,78
hb245,78
hb249,78
hb251,78
hb258,78
hb259,78
hb262,78
hb264,78
hb998,78
hb154,79
hb188,79
hb235,80
hb108,83
hb128,83
hb179,83
hb188,83
hb202,83
hb240,83
hb241,83
hb247,83
hb257,83
hb155,84
hb169,84
hb170,84
hb179,84
hb245,84
hb249,84
hb252,84
hb254,84
hb256,84
hb001,85
hb088,85
hb108,85
hb152,85
hb154,85
hb179,85
hb187,85
hb188,85
hb202,85
hb204,85
hb233,85
hb235,85
hb240,85
hb241,85
hb247,85
hb001,86
hb088,86
hb108,86
hb187,86
hb188,86
hb202,86
hb204,86
hb205,86
hb235,86
hb240,86
hb247,86
hb143,87
hb155,87
hb156,87
hb169,87
hb170,87
hb245,87
hb254,87
hb261,87
hb262,87
hb998,87
hb108,88
hb152,88
hb153,88
hb154,88
hb187,88
hb188,88
hb233,88
hb240,88
hb241,88
hb247,88
hb108,89
hb143,89
hb152,89
hb154,89
hb155,89
hb179,89
hb188,89
hb204,89
hb205,89
hb240,89
hb241,89
hb700,89
hb701,89
hb702,89
hb703,89
hb088,90
hb108,90
hb154,90
hb155,90
hb179,90
hb187,90
hb188,90
hb204,90
hb205,90
hb240,90
hb241,90
hb143,91
hb155,91
hb156,91
hb169,91
hb170,91
hb245,91
hb249,91
hb251,91
hb254,91
hb256,91
hb258,91
hb261,91
hb262,91
hb998,91
hb088,92
hb108,92
hb152,92
hb153,92
hb154,92
hb172,92
hb173,92
hb174,92
hb179,92
hb187,92
hb188,92
hb202,92
hb204,92
hb205,92
hb235,92
hb240,92
hb241,92
hb247,92
hb088,93
hb143,93
hb155,93
hb156,93
hb169,93
hb170,93
hb188,93
hb202,93
hb220,93
hb240,93
hb241,93
hb249,93
hb251,93
hb252,93
hb254,93
hb256,93
hb258,93
hb259,93
hb262,93
hb998,93
hb001,94
hb088,94
hb108,94
hb152,94
hb154,94
hb155,94
hb188,94
hb202,94
hb203,94
hb204,94
hb205,94
hb240,94
hb241,94
hb001,95
hb088,95
hb108,95
hb154,95
hb179,95
hb187,95
hb188,95
hb202,95
hb203,95
hb204,95
hb205,95
hb233,95
hb235,95
hb240,95
hb241,95
hb247,95
hb143,96
hb155,96
hb156,96
hb245,96
hb249,96
hb251,96
hb252,96
hb258,96
hb998,96
hb143,97
hb155,97
hb170,97
hb220,97
hb245,97
hb249,97
hb251,97
hb254,97
hb256,97
hb258,97
hb259,97
hb998,97
hb001,98
hb088,98
hb108,98
hb152,98
hb187,98
hb188,98
hb202,98
hb204,98
hb205,98
hb240,98
hb241,98
hb001,99
hb108,99
hb152,99
hb154,99
hb155,99
hb187,99
hb188,99
hb202,99
hb203,99
hb204,99
hb205,99
hb240,99
hb241,99
hb001,100
hb088,100
hb108,100
hb143,100
hb152,100
hb154,100
hb155,100
hb169,100
hb170,100
hb181,100
hb187,100
hb188,100
hb202,100
hb203,100
hb204,100
hb205,100
hb220,100
hb240,100
hb241,100
hb254,100
hb256,100
hb259,100
hb998,100
hb001,101
hb088,101
hb154,101
hb179,101
hb187,101
hb188,101
hb202,101
hb203,101
hb204,101
hb205,101
hb233,101
hb235,101
hb240,101
hb241,101
hb139,102
hb143,102
hb155,102
hb169,102
hb170,102
hb179,102
hb245,102
hb249,102
hb251,102
hb252,102
hb254,102
hb256,102
hb258,102
hb261,102
hb262,102
hb998,102
hb001,103
hb088,103
hb128,103
hb152,103
hb153,103
hb172,103
hb173,103
hb174,103
hb179,103
hb187,103
hb188,103
hb203,103
hb204,103
hb205,103
hb240,103
hb139,104
hb140,104
hb170,104
hb179,104
hb245,104
hb252,104
hb254,104
hb258,104
hb261,104
hb262,104
hb700,104
hb701,104
hb001,105
hb088,105
hb154,105
hb188,105
hb202,105
hb203,105
hb205,105
hb233,105
hb240,105
hb241,105
hb143,106
hb220,106
hb245,106
hb249,106
hb251,106
hb258,106
hb259,106
hb264,106
hb998,106
hb152,107
hb154,107
hb172,107
hb173,107
hb174,107
hb202,107
hb203,107
hb233,107
hb235,107
hb240,107
hb139,108
hb140,108
hb143,108
hb156,108
hb169,108
hb170,108
hb179,108
hb245,108
hb248,108
hb249,108
hb251,108
hb252,108
hb254,108
hb258,108
hb259,108
hb261,108
hb262,108
hb998,108
hb001,109
hb065,109
hb088,109
hb152,109
hb153,109
hb154,109
hb187,109
hb188,109
hb202,109
hb203,109
hb241,109
hb143,110
hb220,110
hb245,110
hb249,110
hb259,110
hb264,110
hb700,110
hb001,111
hb065,111
hb088,111
hb128,111
hb152,111
hb153,111
hb154,111
hb172,111
hb173,111
hb174,111
hb179,111
hb187,111
hb188,111
hb240,111
hb241,111
hb155,112
hb245,112
hb251,112
hb252,112
hb258,112
hb261,112
hb262,112
hb001,113
hb065,113
hb088,113
hb154,113
hb202,113
hb203,113
hb240,113
hb241,113
hb155,114
hb220,114
hb245,114
hb249,114
hb251,114
hb258,114
hb001,115
hb065,115
hb088,115
hb128,115
hb152,115
hb154,115
hb179,115
hb188,115
hb202,115
hb203,115
hb233,115
hb235,115
hb240,115
hb139,116
hb140,116
hb143,116
hb155,116
hb245,116
hb249,116
hb251,116
hb252,116
hb258,116
hb259,116
hb261,116
hb262,116
hb263,116
hb700,116
hb701,116
hb702,116
hb998,116
hb001,117
hb065,117
hb088,117
hb152,117
hb154,117
hb188,117
hb202,117
hb203,117
hb204,117
hb205,117
hb240,117
hb143,118
hb155,118
hb220,118
hb245,118
hb249,118
hb251,118
hb258,118
hb259,118
hb261,118
hb262,118
hb263,118
hb264,118
hb998,118
hb001,119
hb108,119
hb152,119
hb154,119
hb187,119
hb188,119
hb202,119
hb235,119
hb240,119
hb247,119
hb139,120
hb140,120
hb143,120
hb154,120
hb155,120
hb179,120
hb202,120
hb203,120
hb204,120
hb205,120
hb245,120
hb251,120
hb252,120
hb258,120
hb261,120
hb262,120
hb263,120
hb998,120
hb001,121
hb088,121
hb154,121
hb179,121
hb188,121
hb202,121
hb240,121
hb241,121
hb088,122
hb143,122
hb155,122
hb174,122
hb179,122
hb188,122
hb202,122
hb263,122
hb264,122
hb700,122
hb998,122
hb088,123
hb108,123
hb128,123
hb143,123
hb154,123
hb179,123
hb188,123
hb202,123
hb233,123
hb235,123
hb240,123
hb700,123
hb701,123
hb088,124
hb143,124
hb154,124
hb169,124
hb170,124
hb179,124
hb245,124
hb248,124
hb249,124
hb251,124
hb252,124
hb254,124
hb256,124
hb258,124
hb261,124
hb262,124
hb998,124
hb088,125
hb108,125
hb152,125
hb153,125
hb154,125
hb187,125
hb188,125
hb202,125
hb235,125
hb700,125
hb701,125
hb088,126
hb143,126
hb155,126
hb169,126
hb170,126
hb202,126
hb220,126
hb245,126
hb249,126
hb254,126
hb256,126
hb263,126
hb264,126
hb998,126
hb001,127
hb088,127
hb154,127
hb172,127
hb173,127
hb174,127
hb179,127
hb202,127
hb233,127
hb235,127
hb240,127
hb247,127
hb088,128
hb139,128
hb140,128
hb143,128
hb156,128
hb169,128
hb170,128
hb179,128
hb239,128
hb245,128
hb248,128
hb249,128
hb251,128
hb258,128
hb700,128
hb998,128
hb001,129
hb108,129
hb128,129
hb154,129
hb179,129
hb202,129
hb233,129
hb240,129
hb128,130
hb143,130
hb155,130
hb179,130
hb220,130
hb245,130
hb248,130
hb251,130
hb252,130
hb258,130
hb259,130
hb263,130
hb264,130
hb998,130
hb001,131
hb088,131
hb108,131
hb152,131
hb153,131
hb154,131
hb172,131
hb173,131
hb174,131
hb179,131
hb187,131
hb202,131
hb203,131
hb204,131
hb205,131
hb235,131
hb240,131
hb247,131
hb088,132
hb139,132
hb140,132
hb143,132
hb154,132
hb169,132
hb170,132
hb179,132
hb202,132
hb245,132
hb248,132
hb249,132
hb251,132
hb252,132
hb254,132
hb258,132
hb261,132
hb262,132
hb998,132
hb001,133
hb088,133
hb108,133
hb154,133
hb187,133
hb202,133
hb235,133
hb240,133
hb241,133
hb700,133
hb088,134
hb154,134
hb155,134
hb187,134
hb202,134
hb220,134
hb245,134
hb249,134
hb251,134
hb258,134
hb259,134
hb264,134
hb998,134
hb001,135
hb088,135
hb108,135
hb154,135
hb172,135
hb173,135
hb174,135
hb179,135
hb202,135
hb203,135
hb204,135
hb205,135
hb240,135
hb247,135
hb700,135
hb088,136
hb139,136
hb140,136
hb154,136
hb179,136
hb239,136
hb245,136
hb249,136
hb251,136
hb252,136
hb258,136
hb261,136
hb262,136
hb700,136
hb001,137
hb088,137
hb108,137
hb152,137
hb153,137
hb179,137
hb202,137
hb235,137
hb240,137
hb266,137
hb088,138
hb156,138
hb202,138
hb220,138
hb245,138
hb248,138
hb249,138
hb251,138
hb258,138
hb259,138
hb264,138
hb998,138
hb088,139
hb143,139
hb152,139
hb187,139
hb188,139
hb203,139
hb204,139
hb205,139
hb001,141
hb088,141
hb152,141
hb154,141
hb203,141
hb205,141
hb088,142
hb108,142
hb154,142
hb187,142
hb188,142
hb202,142
hb233,142
hb235,142
hb240,142
hb088,143
hb139,143
hb140,143
hb179,143
hb202,143
hb239,143
hb245,143
hb248,143
hb249,143
hb251,143
hb252,143
hb258,143
hb261,143
hb262,143
hb265,143
hb001,144
hb088,144
hb108,144
hb152,144
hb187,144
hb188,144
hb202,144
hb235,144
hb240,144
hb266,144
hb143,145
hb155,145
hb220,145
hb245,145
hb249,145
hb259,145
hb264,145
hb998,145
hb001,146
hb154,146
hb172,146
hb173,146
hb174,146
hb179,146
hb187,146
hb188,146
hb202,146
hb240,146
hb241,146
hb266,146
hb156,147
hb179,147
hb188,147
hb202,147
hb239,147
hb245,147
hb249,147
hb251,147
hb252,147
hb258,147
hb265,147
hb001,148
hb152,148
hb153,148
hb187,148
hb188,148
hb202,148
hb235,148
hb240,148
hb241,148
hb247,148
hb266,148
hb188,149
hb202,149
hb220,149
hb245,149
hb249,149
hb251,149
hb258,149
hb264,149
hb001,150
hb154,150
hb172,150
hb174,150
hb179,150
hb188,150
hb202,150
hb240,150
hb700,150
hb701,150
hb139,151
hb140,151
hb179,151
hb239,151
hb245,151
hb248,151
hb249,151
hb251,151
hb252,151
hb258,151
hb261,151
hb262,151
hb265,151
hb700,151
hb701,151
hb001,152
hb088,152
hb179,152
hb202,152
hb266,152
hb088,153
hb155,153
hb156,153
hb169,153
hb170,153
hb179,153
hb202,153
hb220,153
hb245,153
hb249,153
hb251,153
hb252,153
hb258,153
hb263,153
hb264,153
hb001,154
hb088,154
hb154,154
hb172,154
hb173,154
hb174,154
hb187,154
hb188,154
hb202,154
hb235,154
hb240,154
hb267,154
hb268,154
hb139,155
hb140,155
hb155,155
hb156,155
hb169,155
hb170,155
hb239,155
hb245,155
hb249,155
hb251,155
hb254,155
hb258,155
hb261,155
hb262,155
hb263,155
hb265,155
hb001,156
hb088,156
hb152,156
hb179,156
hb188,156
hb202,156
hb233,156
hb240,156
hb266,156
hb155,157
hb220,157
hb245,157
hb251,157
hb258,157
hb263,157
hb264,157
hb108,158
hb143,158
hb152,158
hb154,158
hb001,159
hb188,159
hb235,159
hb001,160
hb088,160
hb108,160
hb128,160
hb143,160
hb152,160
hb179,160
hb181,160
hb203,160
hb204,160
hb205,160
hb235,160
hb240,160
hb241,160
hb247,160
hb252,160
hb998,160
hb108,161
hb154,161
hb240,161
hb241,161
hb235,162
hb088,163
hb154,163
hb179,163
hb187,163
hb001,164
hb188,164
hb001,165
hb088,165
hb128,165
hb154,165
hb172,165
hb173,165
hb174,165
hb179,165
hb187,165
hb188,165
hb202,165
hb203,165
hb204,165
hb205,165
hb233,165
hb235,165
hb266,165
hb139,166
hb140,166
hb143,166
hb239,166
hb245,166
hb248,166
hb249,166
hb251,166
hb252,166
hb258,166
hb261,166
hb262,166
hb265,166
hb998,166
hb088,167
hb154,167
hb179,167
hb187,167
hb188,167
hb202,167
hb235,167
hb240,167
hb241,167
hb267,167
hb268,167
hb088,168
hb139,168
hb140,168
hb143,168
hb154,168
hb155,168
hb156,168
hb179,168
hb202,168
hb239,168
hb245,168
hb248,168
hb251,168
hb252,168
hb258,168
hb265,168
hb998,168
hb001,169
hb172,169
hb173,169
hb174,169
hb187,169
hb188,169
hb202,169
hb266,169
hb267,169
hb268,169
hb143,170
hb156,170
hb239,170
hb245,170
hb248,170
hb249,170
hb251,170
hb258,170
hb261,170
hb262,170
hb264,170
hb265,170
hb269,170
hb998,170
hb001,171
hb088,171
hb108,171
hb143,171
hb154,171
hb155,171
hb179,171
hb187,171
hb188,171
hb233,171
hb235,171
hb240,171
hb247,171
hb998,171
hb088,172
hb155,172
hb179,172
hb187,172
hb188,172
hb239,172
hb245,172
hb248,172
hb249,172
hb263,172
hb265,172
hb001,173
hb088,173
hb108,173
hb143,173
hb154,173
hb187,173
hb188,173
hb202,173
hb233,173
hb235,173
hb240,173
hb143,174
hb239,174
hb245,174
hb249,174
hb258,174
hb261,174
hb262,174
hb264,174
hb265,174
hb272,174
hb998,174
hb266,175
hb267,175
hb268,175
hb156,176
hb202,176
hb220,176
hb245,176
hb249,176
hb264,176
hb088,177
hb152,177
hb188,177
hb202,177
hb233,177
hb240,177
hb266,177
hb143,178
hb220,178
hb245,178
hb259,178
hb262,178
hb264,178
hb998,178
hb001,179
hb088,179
hb188,179
hb202,179
hb240,179
hb266,179
hb271,179
hb179,180
hb220,180
hb245,180
hb249,180
hb251,180
hb252,180
hb258,180
hb270,180
hb001,181
hb088,181
hb108,181
hb179,181
hb187,181
hb188,181
hb235,181
hb240,181
hb266,181
hb272,181
hb143,182
hb155,182
hb202,182
hb220,182
hb259,182
hb263,182
hb270,182
hb272,182
hb998,182
hb088,183
hb108,183
hb128,183
hb143,183
hb152,183
hb179,183
hb188,183
hb202,183
hb240,183
hb267,183
hb268,183
hb271,183
hb088,184
hb139,184
hb143,184
hb155,184
hb188,184
hb202,184
hb220,184
hb249,184
hb251,184
hb258,184
hb263,184
hb264,184
hb270,184
hb272,184
hb998,184
hb143,185
hb154,185
hb240,185
hb188,186
hb001,189
hb065,189
hb088,189
hb108,189
hb128,189
hb152,189
hb172,189
hb173,189
hb179,189
hb187,189
hb188,189
hb202,189
hb233,189
hb240,189
hb241,189
hb266,189
hb267,189
hb268,189
hb272,189
hb998,189
hb143,190
hb155,190
hb179,190
hb202,190
hb239,190
hb248,190
hb249,190
hb251,190
hb252,190
hb258,190
hb261,190
hb262,190
hb263,190
hb265,190
hb272,190
hb998,190
hb088,191
hb108,191
hb188,191
hb202,191
hb214,191
hb240,191
hb241,191
hb268,191
hb088,192
hb202,192
hb220,192
hb251,192
hb258,192
hb264,192
hb270,192
hb272,192
hb001,193
hb065,193
hb088,193
hb143,193
hb172,193
hb173,193
hb174,193
hb179,193
hb188,193
hb202,193
hb214,193
hb233,193
hb235,193
hb240,193
hb241,193
hb266,193
hb271,193
hb272,193
hb088,194
hb128,194
hb143,194
hb155,194
hb156,194
hb179,194
hb188,194
hb202,194
hb214,194
hb239,194
hb245,194
hb248,194
hb249,194
hb251,194
hb252,194
hb258,194
hb261,194
hb263,194
hb265,194
hb269,194
hb272,194
hb998,194
hb001,195
hb065,195
hb088,195
hb152,195
hb188,195
hb202,195
hb214,195
hb235,195
hb240,195
hb241,195
hb266,195
hb267,195
hb268,195
hb271,195
hb065,196
hb088,196
hb202,196
hb214,196
hb220,196
hb249,196
hb251,196
hb258,196
hb264,196
hb270,196
hb272,196
hb001,197
hb108,197
hb154,197
hb172,197
hb173,197
hb174,197
hb187,197
hb188,197
hb202,197
hb214,197
hb233,197
hb235,197
hb240,197
hb241,197
hb266,197
hb268,197
hb139,198
hb140,198
hb143,198
hb155,198
hb156,198
hb239,198
hb245,198
hb248,198
hb249,198
hb251,198
hb258,198
hb261,198
hb262,198
hb263,198
hb265,198
hb272,198
hb998,198
hb065,199
hb108,199
hb128,199
hb188,199
hb202,199
hb214,199
hb240,199
hb266,199
hb267,199
hb268,199
hb143,200
hb155,200
hb179,200
hb220,200
hb249,200
hb251,200
hb252,200
hb258,200
hb263,200
hb264,200
hb270,200
hb272,200
hb998,200
hb001,201
hb088,201
hb108,201
hb152,201
hb154,201
hb172,201
hb173,201
hb174,201
hb188,201
hb214,201
hb233,201
hb240,201
hb266,201
hb143,202
hb156,202
hb239,202
hb248,202
hb249,202
hb251,202
hb258,202
hb261,202
hb262,202
hb265,202
hb272,202
hb001,203
hb088,203
hb108,203
hb128,203
hb188,203
hb202,203
hb235,203
hb240,203
hb266,203
hb088,204
hb143,204
hb155,204
hb179,204
hb220,204
hb249,204
hb252,204
hb263,204
hb264,204
hb270,204
hb272,204
hb998,204
hb088,209
hb108,209
hb128,209
hb143,209
hb152,209
hb154,209
hb172,209
hb174,209
hb179,209
hb187,209
hb188,209
hb202,209
hb233,209
hb235,209
hb240,209
hb272,209
hb998,209
hb088,210
hb143,210
hb155,210
hb179,210
hb202,210
hb239,210
hb245,210
hb248,210
hb249,210
hb261,210
hb262,210
hb263,210
hb265,210
hb272,210
hb998,210
hb088,211
hb108,211
hb179,211
hb188,211
hb202,211
hb240,211
hb241,211
hb266,211
hb267,211
hb268,211
hb272,211
hb143,212
hb155,212
hb156,212
hb179,212
hb220,212
hb249,212
hb252,212
hb263,212
hb264,212
hb270,212
hb272,212
hb998,212
hb001,213
hb088,213
hb108,213
hb152,213
hb154,213
hb172,213
hb173,213
hb174,213
hb187,213
hb188,213
hb202,213
hb235,213
hb240,213
hb267,213
hb268,213
hb704,213
hb143,214
hb155,214
hb156,214
hb202,214
hb239,214
hb245,214
hb248,214
hb249,214
hb251,214
hb258,214
hb261,214
hb262,214
hb263,214
hb265,214
hb272,214
hb998,214
hb001,215
hb088,215
hb108,215
hb179,215
hb188,215
hb202,215
hb233,215
hb240,215
hb266,215
hb268,215
hb271,215
hb704,215
hb088,216
hb143,216
hb179,216
hb202,216
hb220,216
hb249,216
hb252,216
hb264,216
hb270,216
hb272,216
hb998,216
hb001,217
hb088,217
hb154,217
hb172,217
hb173,217
hb174,217
hb187,217
hb188,217
hb202,217
hb233,217
hb240,217
hb247,217
hb266,217
hb267,217
hb268,217
hb088,218
hb139,218
hb140,218
hb143,218
hb156,218
hb169,218
hb170,218
hb179,218
hb202,218
hb239,218
hb245,218
hb249,218
hb251,218
hb252,218
hb254,218
hb258,218
hb261,218
hb262,218
hb264,218
hb265,218
hb272,218
hb998,218
hb001,219
hb088,219
hb187,219
hb188,219
hb202,219
hb233,219
hb240,219
hb241,219
hb266,219
hb704,219
hb143,220
hb156,220
hb179,220
hb202,220
hb220,220
hb249,220
hb251,220
hb252,220
hb258,220
hb263,220
hb270,220
hb272,220
hb998,220
hb001,221
hb088,221
hb143,221
hb154,221
hb179,221
hb187,221
hb188,221
hb202,221
hb233,221
hb240,221
hb245,221
hb272,221
hb998,221
hb001,222
hb088,222
hb139,222
hb140,222
hb143,222
hb153,222
hb156,222
hb179,222
hb202,222
hb239,222
hb249,222
hb261,222
hb262,222
hb265,222
hb272,222
hb998,222
hb088,223
hb143,223
hb188,223
hb202,223
hb240,223
hb241,223
hb264,223
hb266,223
hb272,223
hb998,223
hb088,224
hb143,224
hb155,224
hb202,224
hb220,224
hb263,224
hb270,224
hb272,224
hb998,224
hb001,225
hb088,225
hb108,225
hb152,225
hb154,225
hb188,225
hb202,225
hb240,225
hb247,225
hb266,225
hb267,225
hb268,225
hb704,225
hb088,226
hb143,226
hb155,226
hb202,226
hb239,226
hb248,226
hb249,226
hb261,226
hb262,226
hb263,226
hb265,226
hb272,226
hb998,226
hb001,227
hb088,227
hb108,227
hb179,227
hb187,227
hb188,227
hb202,227
hb233,227
hb240,227
hb266,227
hb156,228
hb220,228
hb249,228
hb251,228
hb252,228
hb258,228
hb264,228
hb270,228
hb272,228
hb088,229
hb128,229
hb143,229
hb154,229
hb179,229
hb187,229
hb188,229
hb202,229
hb233,229
hb235,229
hb240,229
hb245,229
hb252,229
hb266,229
hb267,229
hb268,229
hb272,229
hb704,229
hb998,229
hb088,230
hb128,230
hb140,230
hb143,230
hb155,230
hb202,230
hb239,230
hb248,230
hb249,230
hb251,230
hb258,230
hb263,230
hb265,230
hb272,230
hb998,230
hb001,231
hb088,231
hb128,231
hb152,231
hb179,231
hb187,231
hb188,231
hb202,231
hb233,231
hb235,231
hb240,231
hb241,231
hb247,231
hb266,231
hb088,232
hb143,232
hb155,232
hb179,232
hb202,232
hb220,232
hb252,232
hb263,232
hb264,232
hb270,232
hb998,232
hb088,233
hb108,233
hb143,233
hb154,233
hb202,233
hb240,233
hb241,233
hb188,234
hb001,235
hb088,235
hb128,235
hb143,235
hb152,235
hb154,235
hb172,235
hb173,235
hb174,235
hb179,235
hb187,235
hb188,235
hb202,235
hb233,235
hb235,235
hb240,235
hb241,235
hb247,235
hb266,235
hb155,236
hb156,236
hb220,236
hb245,236
hb249,236
hb251,236
hb252,236
hb258,236
hb263,236
hb272,236
hb998,236
hb001,237
hb188,237
hb235,237
hb088,238
hb143,238
hb154,238
hb202,238
hb240,238
hb001,240
hb188,240
hb235,240
hb001,241
hb065,241
hb088,241
hb154,241
hb187,241
hb188,241
hb202,241
hb267,241
hb268,241
hb001,242
hb065,242
hb088,242
hb143,242
hb188,242
hb202,242
hb249,242
hb264,242
hb272,242
hb998,242
hb065,243
hb088,243
hb143,243
hb154,243
hb188,243
hb202,243
hb233,243
hb266,243
hb268,243
hb272,243
hb704,243
hb998,243
hb088,244
hb143,244
hb188,244
hb202,244
hb249,244
hb251,244
hb258,244
hb272,244
hb998,244
hb065,245
hb088,245
hb128,245
hb154,245
hb179,245
hb188,245
hb202,245
hb233,245
hb252,245
hb266,245
hb267,245
hb268,245
hb272,245
hb143,246
hb202,246
hb239,246
hb248,246
hb249,246
hb261,246
hb262,246
hb265,246
hb272,246
hb998,246
hb065,247
hb088,247
hb128,247
hb154,247
hb179,247
hb188,247
hb202,247
hb233,247
hb235,247
hb240,247
hb247,247
hb266,247
hb704,247
hb088,248
hb128,248
hb143,248
hb154,248
hb179,248
hb188,248
hb202,248
hb239,248
hb252,248
hb265,248
hb700,248
hb701,248
hb702,248
hb998,248
hb065,249
hb088,249
hb128,249
hb154,249
hb179,249
hb188,249
hb268,249
hb088,250
hb128,250
hb143,250
hb155,250
hb179,250
hb700,250
hb701,250
hb702,250
hb998,250
hb088,251
hb128,251
hb154,251
hb155,251
hb179,251
hb188,251
hb202,251
hb233,251
hb240,251
hb266,251
hb704,251
hb088,252
hb143,252
hb155,252
hb202,252
hb220,252
hb249,252
hb251,252
hb258,252
hb263,252
hb264,252
hb270,252
hb272,252
hb705,252
hb706,252
hb707,252
hb998,252
hb001,253
hb088,253
hb108,253
hb128,253
hb152,253
hb154,253
hb172,253
hb173,253
hb174,253
hb179,253
hb188,253
hb202,253
hb233,253
hb235,253
hb240,253
hb247,253
hb267,253
hb268,253
hb704,253
hb088,254
hb139,254
hb140,254
hb202,254
hb239,254
hb249,254
hb261,254
hb262,254
hb265,254
hb272,254
hb001,255
hb088,255
hb108,255
hb128,255
hb154,255
hb188,255
hb202,255
hb233,255
hb240,255
hb241,255
hb252,255
hb266,255
hb268,255
hb704,255
hb143,256
hb155,256
hb156,256
hb202,256
hb220,256
hb251,256
hb258,256
hb263,256
hb270,256
hb705,256
hb707,256
hb001,257
hb088,257
hb108,257
hb128,257
hb154,257
hb172,257
hb173,257
hb174,257
hb188,257
hb202,257
hb233,257
hb245,257
hb253,257
hb266,257
hb267,257
hb268,257
hb088,258
hb143,258
hb155,258
hb202,258
hb239,258
hb249,258
hb251,258
hb258,258
hb261,258
hb262,258
hb263,258
hb265,258
hb272,258
hb998,258
hb001,259
hb088,259
hb108,259
hb128,259
hb154,259
hb179,259
hb188,259
hb202,259
hb240,259
hb241,259
hb247,259
hb266,259
hb143,260
hb155,260
hb202,260
hb220,260
hb263,260
hb264,260
hb270,260
hb272,260
hb700,260
hb701,260
hb705,260
hb706,260
hb707,260
hb088,261
hb108,261
hb128,261
hb172,261
hb173,261
hb174,261
hb179,261
hb188,261
hb202,261
hb233,261
hb240,261
hb245,261
hb253,261
hb266,261
hb267,261
hb268,261
hb704,261
hb128,262
hb143,262
hb170,262
hb179,262
hb202,262
hb251,262
hb254,262
hb258,262
hb261,262
hb262,262
hb272,262
hb700,262
hb998,262
hb155,264
hb202,264
hb220,264
hb263,264
hb264,264
hb270,264
hb272,264
hb700,264
hb001,265
hb088,265
hb108,265
hb128,265
hb172,265
hb173,265
hb174,265
hb188,265
hb202,265
hb240,265
hb241,265
hb245,265
hb247,265
hb252,265
hb253,265
hb266,265
hb267,265
hb268,265
hb272,265
hb088,266
hb128,266
hb143,266
hb170,266
hb202,266
hb239,266
hb249,266
hb251,266
hb254,266
hb258,266
hb261,266
hb262,266
hb265,266
hb272,266
hb998,266
hb001,267
hb088,267
hb108,267
hb128,267
hb154,267
hb155,267
hb179,267
hb188,267
hb202,267
hb233,267
hb240,267
hb247,267
hb088,268
hb143,268
hb156,268
hb202,268
hb220,268
hb264,268
hb270,268
hb272,268
hb274,268
hb998,268
hb001,269
hb088,269
hb108,269
hb128,269
hb154,269
hb172,269
hb173,269
hb174,269
hb202,269
hb233,269
hb240,269
hb245,269
hb266,269
hb267,269
hb268,269
hb272,269
hb704,269
hb088,270
hb128,270
hb143,270
hb155,270
hb170,270
hb202,270
hb239,270
hb249,270
hb254,270
hb263,270
hb265,270
hb272,270
hb700,270
hb998,270
hb001,271
hb088,271
hb108,271
hb128,271
hb152,271
hb154,271
hb155,271
hb179,271
hb188,271
hb202,271
hb240,271
hb245,271
hb263,271
hb266,271
hb268,271
hb088,272
hb155,272
hb156,272
hb202,272
hb220,272
hb263,272
hb264,272
hb270,272
hb272,272
hb274,272
hb001,273
hb065,273
hb088,273
hb154,273
hb172,273
hb173,273
hb174,273
hb188,273
hb202,273
hb240,273
hb241,273
hb245,273
hb253,273
hb267,273
hb268,273
hb272,273
hb704,273
hb088,274
hb170,274
hb202,274
hb239,274
hb249,274
hb251,274
hb253,274
hb254,274
hb261,274
hb262,274
hb272,274
hb001,275
hb088,275
hb154,275
hb179,275
hb188,275
hb202,275
hb233,275
hb240,275
hb252,275
hb266,275
hb268,275
hb272,275
hb154,276
hb202,276
hb220,276
hb258,276
hb264,276
hb270,276
hb272,276
hb274,276
hb001,277
hb065,277
hb088,277
hb128,277
hb154,277
hb172,277
hb173,277
hb174,277
hb188,277
hb202,277
hb240,277
hb245,277
hb252,277
hb266,277
hb267,277
hb268,277
hb272,277
hb065,278
hb088,278
hb128,278
hb143,278
hb155,278
hb170,278
hb202,278
hb239,278
hb249,278
hb251,278
hb254,278
hb261,278
hb262,278
hb263,278
hb264,278
hb265,278
hb272,278
hb998,278
hb001,279
hb065,279
hb088,279
hb179,279
hb188,279
hb240,279
hb245,279
hb700,279
hb704,279
hb088,280
hb220,280
hb258,280
hb270,280
hb001,281
hb065,281
hb088,281
hb128,281
hb154,281
hb172,281
hb173,281
hb174,281
hb179,281
hb188,281
hb202,281
hb240,281
hb245,281
hb252,281
hb266,281
hb704,281
hb065,282
hb088,282
hb128,282
hb154,282
hb202,282
hb239,282
hb251,282
hb261,282
hb262,282
hb265,282
hb001,285
hb065,285
hb088,285
hb128,285
hb154,285
hb172,285
hb173,285
hb174,285
hb179,285
hb187,285
hb188,285
hb202,285
hb233,285
hb240,285
hb245,285
hb252,285
hb266,285
hb267,285
hb268,285
hb272,285
hb700,285
hb001,286
hb088,286
hb128,286
hb143,286
hb154,286
hb156,286
hb170,286
hb202,286
hb239,286
hb249,286
hb251,286
hb254,286
hb261,286
hb262,286
hb265,286
hb272,286
hb998,286
hb088,287
hb154,287
hb188,287
hb202,287
hb240,287
hb241,287
hb245,287
hb253,287
hb266,287
hb700,287
hb088,288
hb154,288
hb202,288
hb220,288
hb264,288
hb270,288
hb272,288
hb274,288
hb088,289
hb128,289
hb143,289
hb154,289
hb155,289
hb179,289
hb188,289
hb202,289
hb240,289
hb001,290
hb088,290
hb108,290
hb143,290
hb154,290
hb188,290
hb202,290
hb240,290
hb241,290
hb001,291
hb088,291
hb108,291
hb128,291
hb143,291
hb154,291
hb155,291
hb179,291
hb188,291
hb202,291
hb240,291
hb001,293
hb088,293
hb108,293
hb128,293
hb154,293
hb155,293
hb179,293
hb188,293
hb202,293
hb240,293
hb088,294
hb108,294
hb128,294
hb152,294
hb154,294
hb155,294
hb179,294
hb188,294
hb202,294
hb240,294
hb245,294
hb001,295
hb088,295
hb154,295
hb179,295
hb188,295
hb202,295
hb240,295
hb088,298
hb154,298
hb188,298
hb202,298
hb240,298
hb253,298
hb088,299
hb108,299
hb128,299
hb154,299
hb155,299
hb188,299
hb233,299
hb240,299
hb247,299
hb253,299
hb273,299
hb708,299
hb709,299
hb710,299
hb108,300
hb128,300
hb152,300
hb154,300
hb155,300
hb188,300
hb233,300
hb240,300
hb700,300
hb701,300
hb108,301
hb154,301
hb202,301
hb272,301
hb273,301
hb708,301
hb709,301
hb710,301
hb108,302
hb128,302
hb152,302
hb154,302
hb188,302
hb202,302
hb240,302
hb272,302
hb154,303
hb188,303
hb202,303
hb240,303
hb247,303
hb253,303
hb266,303
hb272,303
hb273,303
hb708,303
hb709,303
hb710,303
hb065,305
hb154,305
hb188,305
hb233,305
hb240,305
hb247,305
hb065,306
hb154,306
hb188,306
hb202,306
hb240,306
hb272,306
hb065,307
hb152,307
hb188,307
hb202,307
hb240,307
hb268,307
hb272,307
hb273,307
hb708,307
hb709,307
hb710,307
hb065,308
hb088,308
hb154,308
hb188,308
hb202,308
hb240,308
hb245,308
hb247,308
hb268,308
hb272,308
hb704,308
hb088,309
hb155,309
hb202,309
hb239,309
hb261,309
hb262,309
hb263,309
hb265,309
hb272,309
hb001,310
hb088,310
hb152,310
hb154,310
hb155,310
hb188,310
hb202,310
hb233,310
hb240,310
hb241,310
hb245,310
hb263,310
hb272,310
hb088,311
hb155,311
hb156,311
hb202,311
hb263,311
hb272,311
hb274,311
hb001,312
hb088,312
hb154,312
hb179,312
hb188,312
hb202,312
hb233,312
hb240,312
hb245,312
hb247,312
hb252,312
hb267,312
hb268,312
hb272,312
hb088,313
hb179,313
hb202,313
hb239,313
hb249,313
hb252,313
hb265,313
hb272,313
hb128,314
hb154,314
hb179,314
hb202,314
hb240,314
hb241,314
hb247,314
hb252,314
hb266,314
hb268,314
hb272,314
hb704,314
hb202,315
hb220,315
hb272,315
hb274,315
hb065,316
hb088,316
hb128,316
hb154,316
hb179,316
hb188,316
hb202,316
hb240,316
hb245,316
hb247,316
hb252,316
hb266,316
hb267,316
hb268,316
hb272,316
hb088,317
hb156,317
hb202,317
hb239,317
hb249,317
hb261,317
hb262,317
hb265,317
hb272,317
hb065,320
hb154,320
hb172,320
hb173,320
hb174,320
hb188,320
hb202,320
hb235,320
hb240,320
hb241,320
hb245,320
hb247,320
hb253,320
hb266,320
hb268,320
hb700,320
hb704,320
hb155,321
hb170,321
hb239,321
hb254,321
hb261,321
hb262,321
hb263,321
hb265,321
hb272,321
hb274,321
hb065,322
hb088,322
hb108,322
hb128,322
hb154,322
hb179,322
hb188,322
hb202,322
hb240,322
hb241,322
hb245,322
hb268,322
hb700,322
hb088,323
hb154,323
hb155,323
hb156,323
hb202,323
hb220,323
hb251,323
hb258,323
hb263,323
hb270,323
hb001,324
hb088,324
hb152,324
hb154,324
hb155,324
hb188,324
hb202,324
hb240,324
hb241,324
hb065,327
hb088,327
hb108,327
hb128,327
hb154,327
hb155,327
hb179,327
hb188,327
hb202,327
hb240,327
hb241,327
hb154,328
hb188,328
hb240,328
hb266,328
hb273,328
hb708,328
hb709,328
hb710,328
hb154,330
hb188,330
hb202,330
hb268,330
hb065,331
hb108,331
hb152,331
hb188,331
hb202,331
hb240,331
hb247,331
hb266,331
hb272,331
hb065,332
hb088,332
hb128,332
hb154,332
hb172,332
hb173,332
hb179,332
hb188,332
hb202,332
hb240,332
hb245,332
hb247,332
hb266,332
hb268,332
hb272,332
hb700,332
hb701,332
hb702,332
hb704,332
hb001,334
hb088,334
hb108,334
hb128,334
hb152,334
hb179,334
hb188,334
hb202,334
hb240,334
hb241,334
hb247,334
hb252,334
hb266,334
hb272,334
hb275,334
hb276,334
hb001,336
hb065,336
hb088,336
hb154,336
hb172,336
hb173,336
hb174,336
hb188,336
hb202,336
hb240,336
hb245,336
hb247,336
hb266,336
hb267,336
hb268,336
hb272,336
hb275,336
hb276,336
hb065,338
hb088,338
hb108,338
hb152,338
hb154,338
hb155,338
hb179,338
hb188,338
hb202,338
hb240,338
hb241,338
hb245,338
hb266,338
hb275,338
hb276,338
hb065,340
hb088,340
hb128,340
hb154,340
hb172,340
hb173,340
hb174,340
hb179,340
hb188,340
hb240,340
hb245,340
hb247,340
hb266,340
hb276,340
hb065,342
hb108,342
hb155,342
hb188,342
hb240,342
hb241,342
hb245,342
hb263,342
hb266,342
hb276,342
hb001,344
hb088,344
hb188,344
hb202,344
hb240,344
hb245,344
hb247,344
hb266,344
hb267,344
hb268,344
hb272,344
hb275,344
hb704,344
hb001,346
hb088,346
hb143,346
hb154,346
hb188,346
hb202,346
hb240,346
hb241,346
hb245,346
hb266,346
hb272,346
hb276,346
hb700,346
hb701,346
hb088,348
hb108,348
hb128,348
hb152,348
hb179,348
hb188,348
hb202,348
hb240,348
hb241,348
hb252,348
hb065,350
hb108,350
hb188,350
hb240,350
hb001,351
hb088,351
hb143,351
hb154,351
hb188,351
hb202,351
hb240,351
hb241,351
hb108,352
hb188,352
hb202,352
hb240,352
hb268,352
hb272,352
hb065,353
hb108,353
hb188,353
hb240,353
hb247,353
hb108,354
hb188,354
hb700,354
hb701,354
hb108,355
hb154,355
hb155,355
hb202,355
hb240,355
hb247,355
hb272,355
hb088,356
hb128,356
hb156,356
hb179,356
hb202,356
hb239,356
hb249,356
hb251,356
hb258,356
hb261,356
hb262,356
hb265,356
hb272,356
hb202,357
hb220,357
hb270,357
hb272,357
hb274,357
hb088,358
hb154,358
hb202,358
hb261,358
hb262,358
hb272,358
hb154,359
hb155,359
hb156,359
hb202,359
hb258,359
hb263,359
hb264,359
hb272,359
hb274,359
hb155,360
hb251,360
hb258,360
hb263,360
hb264,360
hb274,360
hb202,361
hb220,361
hb251,361
hb258,361
hb264,361
hb270,361
hb272,361
hb088,362
hb143,362
hb156,362
hb170,362
hb202,362
hb239,362
hb249,362
hb261,362
hb262,362
hb265,362
hb272,362
hb998,362
hb088,363
hb128,363
hb156,363
hb170,363
hb239,363
hb249,363
hb261,363
hb262,363
hb265,363
hb154,365
hb179,365
hb188,365
hb240,365
hb247,365
hb252,365
hb088,366
hb108,366
hb128,366
hb154,366
hb172,366
hb173,366
hb174,366
hb179,366
hb188,366
hb202,366
hb240,366
hb245,366
hb247,366
hb252,366
hb266,366
hb272,366
hb276,366
hb088,367
hb154,367
hb156,367
hb169,367
hb170,367
hb202,367
hb239,367
hb253,367
hb265,367
hb272,367
hb065,368
hb088,368
hb108,368
hb179,368
hb188,368
hb202,368
hb240,368
hb241,368
hb245,368
hb266,368
hb272,368
hb276,368
hb220,369
hb258,369
hb270,369
hb272,369
hb065,370
hb088,370
hb128,370
hb154,370
hb172,370
hb173,370
hb174,370
hb179,370
hb188,370
hb202,370
hb276,370
hb128,371
hb154,371
hb155,371
hb169,371
hb170,371
hb202,371
hb239,371
hb249,371
hb253,371
hb261,371
hb262,371
hb263,371
hb265,371
hb272,371
hb001,372
hb065,372
hb088,372
hb152,372
hb154,372
hb179,372
hb188,372
hb202,372
hb240,372
hb241,372
hb245,372
hb252,372
hb266,372
hb272,372
hb275,372
hb276,372
hb143,373
hb154,373
hb156,373
hb202,373
hb251,373
hb258,373
hb272,373
hb274,373
hb998,373
hb001,374
hb065,374
hb088,374
hb128,374
hb152,374
hb154,374
hb172,374
hb173,374
hb174,374
hb179,374
hb188,374
hb202,374
hb245,374
hb266,374
hb272,374
hb276,374
hb088,375
hb128,375
hb143,375
hb179,375
hb202,375
hb272,375
hb998,375
hb001,376
hb065,376
hb088,376
hb154,376
hb179,376
hb188,376
hb202,376
hb245,376
hb266,376
hb272,376
hb276,376
hb088,377
hb143,377
hb154,377
hb155,377
hb202,377
hb220,377
hb251,377
hb258,377
hb263,377
hb270,377
hb272,377
hb998,377
hb001,378
hb128,378
hb154,378
hb172,378
hb173,378
hb179,378
hb188,378
hb202,378
hb240,378
hb266,378
hb267,378
hb268,378
hb272,378
hb276,378
hb001,379
hb143,379
hb202,379
hb239,379
hb261,379
hb262,379
hb265,379
hb272,379
hb998,379
hb088,380
hb128,380
hb154,380
hb188,380
hb202,380
hb252,380
hb266,380
hb276,380
hb704,380
hb154,381
hb155,381
hb169,381
hb170,381
hb202,381
hb220,381
hb263,381
hb270,381
hb272,381
hb001,382
hb065,382
hb088,382
hb188,382
hb202,382
hb240,382
hb247,382
hb266,382
hb272,382
hb276,382
hb088,383
hb155,383
hb202,383
hb239,383
hb249,383
hb263,383
hb265,383
hb272,383
hb088,384
hb188,384
hb202,384
hb240,384
hb241,384
hb245,384
hb266,384
hb267,384
hb268,384
hb272,384
hb700,384
hb088,385
hb156,385
hb169,385
hb170,385
hb202,385
hb220,385
hb254,385
hb270,385
hb272,385
hb274,385
hb065,386
hb088,386
hb108,386
hb179,386
hb188,386
hb202,386
hb240,386
hb241,386
hb001,387
hb065,387
hb088,387
hb152,387
hb154,387
hb179,387
hb188,387
hb202,387
hb240,387
hb241,387
hb001,388
hb065,388
hb088,388
hb154,388
hb179,388
hb188,388
hb202,388
hb088,390
hb188,390
hb202,390
hb240,390
hb241,390
hb088,391
hb128,391
hb154,391
hb179,391
hb188,391
hb202,391
hb240,391
hb247,391
hb252,391
hb065,392
hb088,392
hb128,392
hb154,392
hb179,392
hb202,392
hb240,392
hb001,393
hb065,393
hb088,393
hb128,393
hb152,393
hb179,393
hb188,393
hb202,393
hb272,393
hb065,396
hb108,396
hb154,396
hb188,396
hb202,396
hb240,396
hb272,396
hb065,397
hb154,397
hb188,397
hb202,397
hb240,397
hb272,397
hb065,398
hb139,398
hb140,398
hb154,398
hb188,398
hb202,398
hb272,398
hb154,399
hb155,399
hb188,399
hb202,399
hb240,399
hb263,399
hb272,399
hb154,400
hb188,400
hb202,400
hb240,400
hb247,400
hb272,400
hb088,401
hb128,401
hb179,401
hb188,401
hb240,401
hb247,401
hb266,401
hb088,402
hb188,402
hb202,402
hb245,402
hb266,402
hb267,402
hb268,402
hb272,402
hb276,402
hb143,403
hb156,403
hb239,403
hb261,403
hb262,403
hb265,403
hb700,403
hb701,403
hb998,403
hb088,404
hb128,404
hb143,404
hb179,404
hb188,404
hb202,404
hb245,404
hb266,404
hb272,404
hb276,404
hb277,404
hb700,404
hb701,404
hb998,404
hb088,405
hb143,405
hb202,405
hb272,405
hb274,405
hb998,405
hb001,406
hb065,406
hb128,406
hb172,406
hb173,406
hb174,406
hb179,406
hb188,406
hb202,406
hb240,406
hb245,406
hb247,406
hb266,406
hb267,406
hb268,406
hb272,406
hb276,406
hb700,406
hb128,407
hb139,407
hb140,407
hb143,407
hb155,407
hb179,407
hb261,407
hb262,407
hb263,407
hb998,407
hb088,408
hb128,408
hb143,408
hb179,408
hb188,408
hb202,408
hb240,408
hb245,408
hb252,408
hb266,408
hb272,408
hb277,408
hb278,408
hb998,408
hb133,409
hb143,409
hb156,409
hb202,409
hb220,409
hb270,409
hb272,409
hb274,409
hb998,409
hb999,409
hb065,410
hb088,410
hb128,410
hb152,410
hb172,410
hb173,410
hb174,410
hb179,410
hb188,410
hb202,410
hb240,410
hb245,410
hb247,410
hb266,410
hb267,410
hb268,410
hb272,410
hb276,410
hb278,410
hb700,410
hb088,411
hb143,411
hb155,411
hb156,411
hb169,411
hb170,411
hb239,411
hb249,411
hb261,411
hb262,411
hb263,411
hb265,411
hb272,411
hb998,411
hb001,412
hb065,412
hb088,412
hb143,412
hb179,412
hb188,412
hb202,412
hb240,412
hb241,412
hb252,412
hb266,412
hb272,412
hb276,412
hb277,412
hb278,412
hb998,412
hb088,413
hb133,413
hb202,413
hb272,413
hb274,413
hb700,413
hb999,413
hb088,414
hb128,414
hb172,414
hb174,414
hb179,414
hb188,414
hb202,414
hb245,414
hb252,414
hb272,414
hb278,414
hb699,414
hb700,414
hb701,414
hb702,414
hb703,414
hb128,415
hb143,415
hb156,415
hb170,415
hb239,415
hb249,415
hb254,415
hb265,415
hb998,415
hb088,416
hb143,416
hb155,416
hb188,416
hb202,416
hb245,416
hb263,416
hb266,416
hb272,416
hb277,416
hb278,416
hb998,416
hb088,417
hb133,417
hb143,417
hb155,417
hb202,417
hb220,417
hb263,417
hb272,417
hb274,417
hb998,417
hb999,417
hb065,424
hb088,424
hb188,424
hb202,424
hb088,426
hb128,426
hb143,426
hb179,426
hb188,426
hb202,426
hb001,427
hb088,427
hb128,427
hb143,427
hb179,427
hb188,427
hb202,427
hb240,427
hb252,427
hb065,428
hb088,428
hb143,428
hb179,428
hb188,428
hb202,428
hb240,428
hb252,428
hb152,430
hb154,430
hb188,430
hb268,430
hb188,431
hb202,431
hb240,431
hb266,431
hb272,431
hb065,432
hb088,432
hb188,432
hb202,432
hb272,432
hb188,433
hb240,433
hb247,433
hb266,433
hb001,434
hb088,434
hb143,434
hb233,434
hb240,434
hb998,434
hb143,435
hb156,435
hb169,435
hb170,435
hb239,435
hb254,435
hb261,435
hb262,435
hb278,435
hb998,435
hb001,436
hb065,436
hb088,436
hb108,436
hb128,436
hb172,436
hb173,436
hb174,436
hb179,436
hb188,436
hb202,436
hb245,436
hb252,436
hb266,436
hb272,436
hb278,436
hb279,436
hb280,436
hb281,436
hb282,436
hb283,436
hb284,436
hb088,437
hb202,437
hb239,437
hb249,437
hb265,437
hb272,437
hb088,438
hb108,438
hb128,438
hb172,438
hb173,438
hb174,438
hb179,438
hb188,438
hb202,438
hb240,438
hb252,438
hb266,438
hb267,438
hb268,438
hb272,438
hb278,438
hb279,438
hb280,438
hb281,438
hb282,438
hb283,438
hb284,438
hb088,439
hb143,439
hb156,439
hb169,439
hb170,439
hb202,439
hb254,439
hb272,439
hb278,439
hb998,439
hb065,440
hb088,440
hb108,440
hb143,440
hb174,440
hb202,440
hb240,440
hb266,440
hb272,440
hb276,440
hb278,440
hb279,440
hb283,440
hb284,440
hb998,440
hb155,441
hb156,441
hb170,441
hb202,441
hb239,441
hb249,441
hb254,441
hb261,441
hb262,441
hb263,441
hb265,441
hb272,441
hb278,441
hb285,441
hb001,442
hb065,442
hb088,442
hb128,442
hb172,442
hb173,442
hb174,442
hb188,442
hb202,442
hb240,442
hb245,442
hb266,442
hb272,442
hb278,442
hb279,442
hb285,442
hb088,443
hb133,443
hb143,443
hb188,443
hb202,443
hb272,443
hb274,443
hb998,443
hb999,443
hb001,444
hb065,444
hb088,444
hb108,444
hb128,444
hb152,444
hb188,444
hb202,444
hb240,444
hb241,444
hb245,444
hb247,444
hb272,444
hb277,444
hb278,444
hb285,444
hb143,445
hb156,445
hb202,445
hb272,445
hb998,445
hb999,445
hb001,446
hb108,446
hb202,446
hb240,446
hb241,446
hb245,446
hb272,446
hb276,446
hb133,447
hb143,447
hb202,447
hb220,447
hb270,447
hb272,447
hb274,447
hb278,447
hb285,447
hb998,447
hb999,447
hb001,448
hb065,448
hb108,448
hb128,448
hb179,448
hb202,448
hb240,448
hb247,448
hb252,448
hb266,448
hb272,448
hb278,448
hb285,448
hb998,448
hb133,449
hb143,449
hb155,449
hb156,449
hb202,449
hb220,449
hb261,449
hb262,449
hb263,449
hb270,449
hb272,449
hb274,449
hb278,449
hb285,449
hb998,449
hb999,449
hb088,450
hb108,450
hb128,450
hb152,450
hb188,450
hb202,450
hb245,450
hb266,450
hb278,450
hb280,450
hb281,450
hb282,450
hb285,450
hb108,459
hb188,459
hb240,459
hb247,459
hb108,460
hb202,460
hb240,460
hb268,460
hb272,460
hb065,461
hb108,461
hb188,461
hb202,461
hb240,461
hb247,461
hb272,461
hb108,462
hb188,462
hb240,462
hb065,463
hb108,463
hb202,463
hb240,463
hb247,463
hb065,464
hb088,464
hb108,464
hb128,464
hb152,464
hb172,464
hb173,464
hb174,464
hb188,464
hb202,464
hb240,464
hb241,464
hb267,464
hb268,464
hb272,464
hb276,464
hb278,464
hb281,464
hb282,464
hb285,464
hb156,465
hb169,465
hb170,465
hb202,465
hb239,465
hb249,465
hb254,465
hb261,465
hb262,465
hb265,465
hb272,465
hb278,465
hb285,465
hb999,465
hb001,466
hb065,466
hb088,466
hb108,466
hb133,466
hb172,466
hb173,466
hb174,466
hb179,466
hb202,466
hb233,466
hb245,466
hb266,466
hb267,466
hb268,466
hb272,466
hb278,466
hb279,466
hb700,466
hb999,466
hb139,467
hb140,467
hb143,467
hb169,467
hb170,467
hb202,467
hb239,467
hb254,467
hb261,467
hb262,467
hb265,467
hb272,467
hb278,467
hb700,467
hb998,467
hb088,468
hb133,468
hb152,468
hb179,468
hb188,468
hb202,468
hb240,468
hb266,468
hb267,468
hb268,468
hb278,468
hb280,468
hb281,468
hb282,468
hb285,468
hb700,468
hb999,468
hb169,469
hb170,469
hb202,469
hb254,469
hb261,469
hb262,469
hb265,469
hb272,469
hb278,469
hb285,469
hb700,469
hb701,469
hb702,469
hb703,469
hb001,470
hb065,470
hb088,470
hb133,470
hb143,470
hb179,470
hb188,470
hb202,470
hb233,470
hb240,470
hb245,470
hb252,470
hb272,470
hb278,470
hb285,470
hb700,470
hb999,470
hb133,471
hb139,471
hb140,471
hb143,471
hb156,471
hb202,471
hb239,471
hb261,471
hb262,471
hb265,471
hb272,471
hb278,471
hb285,471
hb286,471
hb999,471
hb001,472
hb088,472
hb133,472
hb188,472
hb202,472
hb240,472
hb245,472
hb266,472
hb272,472
hb278,472
hb999,472
hb133,473
hb143,473
hb156,473
hb239,473
hb265,473
hb278,473
hb286,473
hb998,473
hb999,473
hb065,474
hb088,474
hb108,474
hb143,474
hb188,474
hb202,474
hb233,474
hb240,474
hb245,474
hb252,474
hb266,474
hb272,474
hb276,474
hb278,474
hb285,474
hb998,474
hb143,475
hb202,475
hb220,475
hb270,475
hb274,475
hb998,475
hb001,476
hb133,476
hb152,476
hb179,476
hb202,476
hb240,476
hb266,476
hb278,476
hb280,476
hb281,476
hb282,476
hb285,476
hb998,476
hb999,476
hb143,477
hb155,477
hb156,477
hb202,477
hb220,477
hb263,477
hb272,477
hb274,477
hb700,477
hb998,477
hb088,478
hb133,478
hb155,478
hb188,478
hb202,478
hb263,478
hb276,478
hb278,478
hb285,478
hb700,478
hb998,478
hb133,479
hb139,479
hb140,479
hb143,479
hb155,479
hb202,479
hb220,479
hb263,479
hb272,479
hb274,479
hb278,479
hb285,479
hb286,479
hb998,479
hb088,480
hb179,480
hb188,480
hb252,480
hb276,480
hb278,480
hb280,480
hb281,480
hb282,480
hb285,480
hb143,481
hb274,481
hb278,481
hb285,481
hb286,481
hb065,482
hb088,482
hb133,482
hb152,482
hb179,482
hb188,482
hb202,482
hb240,482
hb266,482
hb272,482
hb278,482
hb999,482
hb088,483
hb133,483
hb274,483
hb999,483
hb108,484
hb188,484
hb240,484
hb266,484
hb108,485
hb188,485
hb202,485
hb240,485
hb272,485
hb188,486
hb202,486
hb266,486
hb268,486
hb272,486
hb188,487
hb188,488
hb202,488
hb240,488
hb247,488
hb272,488
hb088,489
hb108,489
hb179,489
hb202,489
hb240,489
hb143,490
hb155,490
hb188,490
hb202,490
hb240,490
hb278,490
hb285,490
hb065,491
hb088,491
hb143,491
hb188,491
hb202,491
hb240,491
hb278,491
hb285,491
hb179,492
hb188,492
hb240,492
hb252,492
hb088,493
hb133,493
hb179,493
hb252,493
hb999,493
hb065,494
hb133,494
hb155,494
hb172,494
hb173,494
hb174,494
hb179,494
hb188,494
hb240,494
hb245,494
hb252,494
hb263,494
hb266,494
hb278,494
hb279,494
hb287,494
hb288,494
hb999,494
hb088,495
hb139,495
hb140,495
hb155,495
hb156,495
hb239,495
hb249,495
hb261,495
hb262,495
hb263,495
hb265,495
hb278,495
hb001,496
hb065,496
hb088,496
hb108,496
hb133,496
hb188,496
hb240,496
hb245,496
hb266,496
hb278,496
hb287,496
hb999,496
hb133,497
hb143,497
hb239,497
hb249,497
hb265,497
hb286,497
hb998,497
hb999,497
hb001,498
hb088,498
hb174,498
hb188,498
hb202,498
hb233,498
hb240,498
hb241,498
hb245,498
hb266,498
hb278,498
hb279,498
hb287,498
hb139,499
hb140,499
hb143,499
hb202,499
hb239,499
hb249,499
hb261,499
hb262,499
hb265,499
hb272,499
hb286,499
hb998,499
hb088,500
hb133,500
hb155,500
hb172,500
hb173,500
hb174,500
hb188,500
hb202,500
hb240,500
hb245,500
hb247,500
hb263,500
hb266,500
hb272,500
hb278,500
hb279,500
hb287,500
hb288,500
hb133,501
hb155,501
hb239,501
hb261,501
hb262,501
hb263,501
hb265,501
hb286,501
hb065,502
hb088,502
hb133,502
hb152,502
hb155,502
hb188,502
hb202,502
hb240,502
hb247,502
hb263,502
hb272,502
hb276,502
hb278,502
hb281,502
hb282,502
hb999,502
hb133,503
hb155,503
hb169,503
hb170,503
hb202,503
hb254,503
hb263,503
hb272,503
hb286,503
hb998,503
hb999,503
hb001,504
hb065,504
hb088,504
hb128,504
hb133,504
hb143,504
hb152,504
hb179,504
hb188,504
hb202,504
hb240,504
hb252,504
hb266,504
hb272,504
hb276,504
hb278,504
hb287,504
hb133,505
hb143,505
hb156,505
hb202,505
hb272,505
hb998,505
hb999,505
hb065,506
hb088,506
hb133,506
hb152,506
hb179,506
hb188,506
hb202,506
hb240,506
hb247,506
hb266,506
hb272,506
hb276,506
hb281,506
hb282,506
hb287,506
hb999,506
hb133,507
hb143,507
hb202,507
hb220,507
hb270,507
hb272,507
hb286,507
hb998,507
hb999,507
hb088,508
hb133,508
hb179,508
hb188,508
hb202,508
hb240,508
hb266,508
hb286,508
hb133,509
hb169,509
hb170,509
hb202,509
hb286,509
hb188,510
hb202,510
hb240,510
hb266,510
hb287,510
hb188,511
hb202,511
hb240,511
hb247,511
hb188,512
hb202,512
hb240,512
hb088,514
hb152,514
hb172,514
hb173,514
hb174,514
hb188,514
hb202,514
hb240,514
hb247,514
hb266,514
hb272,514
hb287,514
hb288,514
hb133,515
hb143,515
hb156,515
hb202,515
hb239,515
hb249,515
hb261,515
hb262,515
hb265,515
hb272,515
hb286,515
hb998,515
hb001,516
hb065,516
hb088,516
hb154,516
hb172,516
hb173,516
hb174,516
hb179,516
hb188,516
hb202,516
hb240,516
hb266,516
hb272,516
hb278,516
hb279,516
hb287,516
hb288,516
hb290,516
hb143,517
hb202,517
hb239,517
hb249,517
hb261,517
hb262,517
hb265,517
hb272,517
hb286,517
hb998,517
hb999,517
hb001,518
hb088,518
hb128,518
hb172,518
hb173,518
hb174,518
hb179,518
hb187,518
hb188,518
hb202,518
hb240,518
hb247,518
hb252,518
hb278,518
hb279,518
hb287,518
hb288,518
hb290,518
hb139,519
hb140,519
hb143,519
hb155,519
hb202,519
hb239,519
hb249,519
hb261,519
hb262,519
hb263,519
hb265,519
hb272,519
hb286,519
hb700,519
hb998,519
hb999,519
hb065,520
hb088,520
hb133,520
hb152,520
hb154,520
hb172,520
hb173,520
hb174,520
hb188,520
hb202,520
hb240,520
hb266,520
hb278,520
hb279,520
hb287,520
hb288,520
hb290,520
hb700,520
hb133,521
hb139,521
hb140,521
hb143,521
hb156,521
hb239,521
hb249,521
hb261,521
hb262,521
hb265,521
hb272,521
hb286,521
hb998,521
hb999,521
hb065,522
hb088,522
hb133,522
hb143,522
hb154,522
hb155,522
hb188,522
hb202,522
hb240,522
hb247,522
hb272,522
hb276,522
hb278,522
hb280,522
hb288,522
hb289,522
hb290,522
hb998,522
hb999,522
hb133,523
hb143,523
hb155,523
hb169,523
hb170,523
hb202,523
hb254,523
hb263,523
hb272,523
hb274,523
hb286,523
hb998,523
hb999,523
hb088,524
hb133,524
hb152,524
hb155,524
hb188,524
hb202,524
hb240,524
hb241,524
hb263,524
hb272,524
hb276,524
hb280,524
hb281,524
hb282,524
hb287,524
hb288,524
hb290,524
hb999,524
hb133,525
hb143,525
hb155,525
hb156,525
hb170,525
hb202,525
hb254,525
hb263,525
hb272,525
hb274,525
hb286,525
hb999,525
hb065,526
hb088,526
hb128,526
hb154,526
hb188,526
hb202,526
hb240,526
hb252,526
hb266,526
hb276,526
hb278,526
hb281,526
hb282,526
hb287,526
hb290,526
hb143,527
hb170,527
hb202,527
hb254,527
hb272,527
hb286,527
hb999,527
hb001,528
hb088,528
hb128,528
hb133,528
hb143,528
hb154,528
hb179,528
hb188,528
hb202,528
hb240,528
hb252,528
hb266,528
hb281,528
hb282,528
hb287,528
hb288,528
hb700,528
hb133,529
hb143,529
hb169,529
hb170,529
hb202,529
hb254,529
hb286,529
hb998,529
hb154,530
hb188,530
hb202,530
hb240,530
hb272,530
hb154,531
hb188,531
hb240,531
hb290,531
hb088,533
hb128,533
hb143,533
hb169,533
hb170,533
hb252,533
hb254,533
hb001,535
hb088,535
hb128,535
hb133,535
hb179,535
hb188,535
hb252,535
hb266,535
hb287,535
hb088,536
hb128,536
hb133,536
hb154,536
hb155,536
hb169,536
hb170,536
hb179,536
hb188,536
hb254,536
hb263,536
hb286,536
hb999,536
hb001,538
hb065,538
hb088,538
hb128,538
hb143,538
hb154,538
hb155,538
hb169,538
hb170,538
hb172,538
hb173,538
hb174,538
hb179,538
hb187,538
hb188,538
hb202,538
hb239,538
hb240,538
hb241,538
hb247,538
hb252,538
hb254,538
hb261,538
hb262,538
hb263,538
hb265,538
hb266,538
hb272,538
hb278,538
hb279,538
hb280,538
hb281,538
hb282,538
hb286,538
hb287,538
hb290,538
hb700,538
hb701,538
hb998,538
hb999,538
hb065,539
hb088,539
hb143,539
hb169,539
hb170,539
hb179,539
hb252,539
hb254,539
hb266,539
hb278,539
hb287,539
hb998,539
hb088,540
hb128,540
hb154,540
hb179,540
hb188,540
hb202,540
hb240,540
hb247,540
hb252,540
hb266,540
hb280,540
hb281,540
hb282,540
hb288,540
hb289,540
hb139,541
hb140,541
hb143,541
hb156,541
hb202,541
hb239,541
hb249,541
hb261,541
hb262,541
hb265,541
hb272,541
hb286,541
hb700,541
hb998,541
hb088,542
hb154,542
hb188,542
hb202,542
hb240,542
hb247,542
hb266,542
hb272,542
hb278,542
hb287,542
hb291,542
hb133,543
hb143,543
hb156,543
hb169,543
hb170,543
hb202,543
hb249,543
hb254,543
hb261,543
hb262,543
hb272,543
hb291,543
hb999,543
hb065,544
hb088,544
hb133,544
hb188,544
hb202,544
hb240,544
hb266,544
hb272,544
hb278,544
hb280,544
hb281,544
hb282,544
hb287,544
hb288,544
hb291,544
hb700,544
hb701,544
hb702,544
hb999,544
hb088,545
hb133,545
hb143,545
hb202,545
hb272,545
hb291,545
hb700,545
hb998,545
hb999,545
hb152,546
hb154,546
hb188,546
hb202,546
hb240,546
hb266,546
hb272,546
hb276,546
hb287,546
hb288,546
hb289,546
hb088,547
hb143,547
hb202,547
hb272,547
hb286,547
hb700,547
hb998,547
hb088,548
hb133,548
hb143,548
hb154,548
hb155,548
hb188,548
hb202,548
hb240,548
hb263,548
hb266,548
hb272,548
hb278,548
hb280,548
hb281,548
hb282,548
hb287,548
hb288,548
hb700,548
hb999,548
hb088,549
hb133,549
hb143,549
hb155,549
hb202,549
hb263,549
hb272,549
hb274,549
hb291,549
hb999,549
hb001,550
hb088,550
hb128,550
hb133,550
hb143,550
hb155,550
hb179,550
hb188,550
hb202,550
hb240,550
hb252,550
hb263,550
hb266,550
hb272,550
hb278,550
hb287,550
hb291,550
hb998,550
hb999,550
hb088,551
hb133,551
hb143,551
hb155,551
hb202,551
hb263,551
hb272,551
hb274,551
hb291,551
hb998,551
hb999,551
hb188,554
hb240,554
hb001,558
hb088,558
hb128,558
hb152,558
hb154,558
hb179,558
hb188,558
hb202,558
hb240,558
hb252,558
hb266,558
hb272,558
hb278,558
hb287,558
hb088,559
hb133,559
hb143,559
hb202,559
hb261,559
hb262,559
hb272,559
hb286,559
hb998,559
hb999,559
hb001,560
hb065,560
hb088,560
hb128,560
hb133,560
hb143,560
hb154,560
hb179,560
hb202,560
hb240,560
hb266,560
hb272,560
hb278,560
hb287,560
hb291,560
hb998,560
hb999,560
hb133,561
hb143,561
hb202,561
hb272,561
hb286,561
hb291,561
hb700,561
hb701,561
hb998,561
hb999,561
hb001,562
hb065,562
hb088,562
hb188,562
hb240,562
hb247,562
hb278,562
hb291,562
hb169,563
hb170,563
hb239,563
hb254,563
hb265,563
hb286,563
hb291,563
hb700,563
hb001,564
hb065,564
hb088,564
hb128,564
hb133,564
hb143,564
hb179,564
hb188,564
hb202,564
hb240,564
hb241,564
hb247,564
hb252,564
hb272,564
hb291,564
hb998,564
hb999,564
hb133,565
hb143,565
hb286,565
hb291,565
hb998,565
hb999,565
hb001,566
hb088,566
hb154,566
hb188,566
hb202,566
hb240,566
hb247,566
hb272,566
hb280,566
hb281,566
hb282,566
hb287,566
hb292,566
hb133,567
hb143,567
hb202,567
hb239,567
hb265,567
hb272,567
hb286,567
hb998,567
hb999,567
hb088,568
hb128,568
hb133,568
hb143,568
hb152,568
hb154,568
hb188,568
hb252,568
hb266,568
hb278,568
hb287,568
hb291,568
hb998,568
hb999,568
hb088,569
hb133,569
hb143,569
hb154,569
hb170,569
hb188,569
hb254,569
hb274,569
hb286,569
hb291,569
hb293,569
hb700,569
hb701,569
hb998,569
hb999,569
hb065,570
hb088,570
hb128,570
hb154,570
hb179,570
hb188,570
hb202,570
hb240,570
hb278,570
hb065,571
hb088,571
hb188,571
hb240,571
hb247,571
hb278,571
hb088,572
hb154,572
hb188,572
hb202,572
hb240,572
hb247,572
hb272,572
hb278,572
hb088,573
hb128,573
hb154,573
hb179,573
hb202,573
hb240,573
hb154,574
hb188,574
hb240,574
hb241,574
hb247,574
hb088,575
hb128,575
hb143,575
hb154,575
hb188,575
hb247,575
hb065,576
hb088,576
hb133,576
hb154,576
hb172,576
hb173,576
hb174,576
hb188,576
hb202,576
hb240,576
hb247,576
hb266,576
hb272,576
hb276,576
hb278,576
hb279,576
hb287,576
hb288,576
hb292,576
hb999,576
hb088,577
hb133,577
hb143,577
hb154,577
hb156,577
hb202,577
hb239,577
hb265,577
hb266,577
hb272,577
hb286,577
hb287,577
hb293,577
hb294,577
hb295,577
hb700,577
hb701,577
hb702,577
hb703,577
hb998,577
hb999,577
hb088,578
hb143,578
hb152,578
hb154,578
hb188,578
hb202,578
hb240,578
hb247,578
hb266,578
hb272,578
hb276,578
hb281,578
hb282,578
hb287,578
hb288,578
hb700,578
hb998,578
hb133,579
hb143,579
hb170,579
hb202,579
hb272,579
hb294,579
hb295,579
hb998,579
hb999,579
hb001,580
hb065,580
hb088,580
hb133,580
hb154,580
hb188,580
hb202,580
hb266,580
hb272,580
hb276,580
hb278,580
hb280,580
hb281,580
hb282,580
hb287,580
hb288,580
hb292,580
hb296,580
hb999,580
hb133,581
hb143,581
hb154,581
hb156,581
hb188,581
hb202,581
hb239,581
hb261,581
hb262,581
hb265,581
hb266,581
hb272,581
hb286,581
hb294,581
hb295,581
hb296,581
hb297,581
hb298,581
hb299,581
hb998,581
hb999,581
hb001,582
hb088,582
hb133,582
hb143,582
hb154,582
hb155,582
hb188,582
hb263,582
hb266,582
hb276,582
hb287,582
hb288,582
hb998,582
hb133,583
hb143,583
hb154,583
hb155,583
hb169,583
hb170,583
hb254,583
hb263,583
hb274,583
hb286,583
hb287,583
hb293,583
hb294,583
hb295,583
hb296,583
hb998,583
hb999,583
hb065,584
hb088,584
hb133,584
hb154,584
hb172,584
hb173,584
hb174,584
hb188,584
hb239,584
hb240,584
hb247,584
hb262,584
hb265,584
hb266,584
hb276,584
hb278,584
hb279,584
hb287,584
hb288,584
hb296,584
hb999,584
hb088,585
hb133,585
hb143,585
hb154,585
hb174,585
hb239,585
hb261,585
hb262,585
hb265,585
hb272,585
hb286,585
hb293,585
hb294,585
hb295,585
hb296,585
hb297,585
hb298,585
hb299,585
hb998,585
hb999,585
hb088,586
hb143,586
hb188,586
hb202,586
hb240,586
hb266,586
hb272,586
hb276,586
hb287,586
hb291,586
hb292,586
hb296,586
hb998,586
hb143,587
hb156,587
hb169,587
hb170,587
hb254,587
hb272,587
hb274,587
hb286,587
hb287,587
hb291,587
hb294,587
hb295,587
hb296,587
hb297,587
hb998,587
hb001,588
hb065,588
hb088,588
hb133,588
hb154,588
hb172,588
hb173,588
hb174,588
hb179,588
hb188,588
hb202,588
hb239,588
hb240,588
hb262,588
hb265,588
hb266,588
hb268,588
hb272,588
hb276,588
hb279,588
hb281,588
hb282,588
hb287,588
hb291,588
hb296,588
hb999,588
hb133,589
hb143,589
hb174,589
hb202,589
hb239,589
hb261,589
hb262,589
hb265,589
hb272,589
hb286,589
hb291,589
hb294,589
hb295,589
hb296,589
hb297,589
hb298,589
hb299,589
hb700,589
hb701,589
hb702,589
hb998,589
hb999,589
hb001,590
hb065,590
hb088,590
hb143,590
hb154,590
hb188,590
hb240,590
hb266,590
hb268,590
hb278,590
hb287,590
hb291,590
hb292,590
hb296,590
hb998,590
hb088,591
hb143,591
hb154,591
hb169,591
hb170,591
hb254,591
hb274,591
hb286,591
hb287,591
hb291,591
hb294,591
hb295,591
hb296,591
hb297,591
hb998,591
hb065,592
hb088,592
hb154,592
hb188,592
hb202,592
hb240,592
hb247,592
hb278,592
hb065,593
hb088,593
hb154,593
hb188,593
hb202,593
hb278,593
hb065,594
hb088,594
hb154,594
hb188,594
hb240,594
hb247,594
hb278,594
hb065,595
hb088,595
hb154,595
hb188,595
hb202,595
hb240,595
hb001,596
hb088,596
hb143,596
hb152,596
hb154,596
hb188,596
hb202,596
hb240,596
hb247,596
hb088,597
hb143,597
hb154,597
hb155,597
hb188,597
hb088,598
hb143,598
hb188,598
hb202,598
hb240,598
hb292,598
hb998,598
hb001,599
hb088,599
hb143,599
hb154,599
hb188,599
hb240,599
hb001,600
hb065,600
hb088,600
hb154,600
hb172,600
hb174,600
hb188,600
hb239,600
hb240,600
hb265,600
hb266,600
hb276,600
hb278,600
hb279,600
hb287,600
hb288,600
hb291,600
hb088,601
hb143,601
hb174,601
hb239,601
hb261,601
hb262,601
hb265,601
hb272,601
hb287,601
hb291,601
hb294,601
hb295,601
hb297,601
hb298,601
hb299,601
hb300,601
hb301,601
hb998,601
hb065,602
hb088,602
hb154,602
hb188,602
hb240,602
hb278,602
hb001,603
hb088,603
hb133,603
hb154,603
hb162,603
hb172,603
hb173,603
hb174,603
hb188,603
hb202,603
hb240,603
hb247,603
hb266,603
hb272,603
hb276,603
hb278,603
hb279,603
hb281,603
hb282,603
hb288,603
hb291,603
hb700,603
hb999,603
hb088,604
hb133,604
hb143,604
hb154,604
hb174,604
hb202,604
hb239,604
hb261,604
hb262,604
hb265,604
hb272,604
hb286,604
hb287,604
hb291,604
hb294,604
hb295,604
hb296,604
hb297,604
hb298,604
hb299,604
hb300,604
hb301,604
hb998,604
hb999,604
hb088,605
hb154,605
hb162,605
hb188,605
hb202,605
hb240,605
hb247,605
hb700,605
hb065,606
hb088,606
hb152,606
hb154,606
hb172,606
hb173,606
hb174,606
hb202,606
hb239,606
hb262,606
hb265,606
hb266,606
hb276,606
hb278,606
hb279,606
hb287,606
hb288,606
hb088,607
hb174,607
hb202,607
hb239,607
hb261,607
hb262,607
hb265,607
hb294,607
hb295,607
hb297,607
hb298,607
hb299,607
hb065,608
hb088,608
hb154,608
hb202,608
hb240,608
hb278,608
hb088,627
hb128,627
hb143,627
hb152,627
hb154,627
hb179,627
hb188,627
hb202,627
hb240,627
hb252,627
hb266,627
hb268,627
hb272,627
hb276,627
hb278,627
hb281,627
hb282,627
hb287,627
hb291,627
hb292,627
hb293,627
hb998,627
hb088,628
hb143,628
hb154,628
hb202,628
hb272,628
hb274,628
hb286,628
hb287,628
hb291,628
hb293,628
hb294,628
hb295,628
hb296,628
hb297,628
hb998,628
hb088,629
hb143,629
hb152,629
hb154,629
hb188,629
hb202,629
hb240,629
hb268,629
hb088,630
hb133,630
hb143,630
hb154,630
hb188,630
hb202,630
hb240,630
hb266,630
hb278,630
hb287,630
hb291,630
hb292,630
hb998,630
hb999,630
hb088,631
hb133,631
hb143,631
hb154,631
hb156,631
hb169,631
hb170,631
hb202,631
hb254,631
hb272,631
hb274,631
hb286,631
hb291,631
hb294,631
hb295,631
hb296,631
hb297,631
hb998,631
hb999,631
hb088,632
hb143,632
hb154,632
hb188,632
hb202,632
hb240,632
hb998,632
hb202,633
hb240,633
hb241,633
hb247,633
hb266,633
hb276,633
hb088,634
hb274,634
hb286,634
hb294,634
hb295,634
hb296,634
hb300,634
hb301,634
hb001,656
hb088,656
hb128,656
hb143,656
hb179,656
hb202,656
hb240,656
hb247,656
hb252,656
hb266,656
hb272,656
hb274,656
hb278,656
hb287,656
hb296,656
hb700,656
hb998,656
hb001,657
hb088,657
hb128,657
hb143,657
hb179,657
hb240,657
hb247,657
hb252,657
hb266,657
hb287,657
hb296,657
hb001,658
hb088,658
hb179,658
hb274,658
hb088,659
hb128,659
hb143,659
hb154,659
hb179,659
hb188,659
hb252,659
hb276,659
hb278,659
hb288,659
hb998,659
hb001,660
hb088,660
hb154,660
hb188,660
hb278,660
hb088,661
hb128,661
hb154,661
hb179,661
hb188,661
hb252,661
hb065,662
hb088,662
hb143,662
hb154,662
hb188,662
hb266,662
hb276,662
hb287,662
hb288,662
hb998,662
hb088,663
hb152,663
hb154,663
hb179,663
hb188,663
hb202,663
hb252,663
hb266,663
hb268,663
hb276,663
hb278,663
hb287,663
hb288,663
hb088,664
hb154,664
hb179,664
hb188,664
hb202,664
hb252,664
hb266,664
hb268,664
hb276,664
hb278,664
hb287,664
hb288,664
hb001,665
hb088,665
hb143,665
hb154,665
hb179,665
hb188,665
hb266,665
hb287,665
hb998,665
hb088,666
hb143,666
hb154,666
hb179,666
hb188,666
hb252,666
hb266,666
hb268,666
hb287,666
hb998,666
hb001,667
hb088,667
hb143,667
hb154,667
hb188,667
hb202,667
hb278,667
hb287,667
hb998,667
hb001,668
hb088,668
hb143,668
hb188,668
hb202,668
hb266,668
hb278,668
hb998,668
hb088,669
hb154,669
hb179,669
hb202,669
hb252,669
hb266,669
hb278,669
hb287,669
hb188,670
hb001,671
hb088,671
hb133,671
hb154,671
hb188,671
hb202,671
hb266,671
hb278,671
hb287,671
hb088,672
hb128,672
hb179,672
hb188,672
hb202,672
hb252,672
hb266,672
hb278,672
hb287,672
hb088,673
hb133,673
hb143,673
hb154,673
hb188,673
hb266,673
hb278,673
hb287,673
hb296,673
hb998,673
hb001,674
hb088,674
hb179,674
hb266,674
hb287,674
hb088,675
hb133,675
hb154,675
hb179,675
hb202,675
hb266,675
hb278,675
hb287,675
hb293,675
hb296,675
hb001,676
hb088,676
hb143,676
hb202,676
hb266,676
hb287,676
hb998,676
hb088,677
hb133,677
hb154,677
hb266,677
hb278,677
hb287,677
hb293,677
hb296,677
hb088,678
hb143,678
hb154,678
hb179,678
hb188,678
hb202,678
hb252,678
hb266,678
hb287,678
hb998,678
hb088,679
hb133,679
hb143,679
hb154,679
hb179,679
hb188,679
hb266,679
hb287,679
hb296,679
hb998,679
hb088,680
hb154,680
hb188,680
hb202,680
hb266,680
hb287,680
hb293,680
hb296,680
hb088,681
hb133,681
hb154,681
hb188,681
hb001,682
hb143,682
hb188,682
hb266,682
hb278,682
hb287,682
hb296,682
hb001,683
hb088,683
hb143,683
hb188,683
hb266,683
hb287,683
hb296,683
hb998,683
hb001,684
hb088,684
hb143,684
hb188,684
hb202,684
hb266,684
hb287,684
hb998,684
hb088,685
hb133,685
hb143,685
hb154,685
hb188,685
hb266,685
hb293,685
hb001,686
hb088,686
hb154,686
hb188,686
hb202,686
hb293,686
hb088,687
hb143,687
hb154,687
hb155,687
hb202,687
hb261,687
hb262,687
hb263,687
hb287,687
hb296,687
hb297,687
hb298,687
hb299,687
hb998,687
hb088,688
hb154,688
hb155,688
hb188,688
hb202,688
hb263,688
hb266,688
hb088,689
hb154,689
hb155,689
hb188,689
hb202,689
hb272,689
hb293,689
hb297,689
hb300,689
hb301,689
hb700,689
hb001,690
hb088,690
hb133,690
hb143,690
hb154,690
hb155,690
hb179,690
hb188,690
hb202,690
hb252,690
hb266,690
hb272,690
hb287,690
hb293,690
hb998,690
hb088,691
hb143,691
hb155,691
hb202,691
hb239,691
hb261,691
hb262,691
hb263,691
hb265,691
hb272,691
hb291,691
hb298,691
hb299,691
hb300,691
hb301,691
hb998,691
hb088,692
hb155,692
hb179,692
hb202,692
hb263,692
hb266,692
hb272,692
hb287,692
hb291,692
hb296,692
hb088,693
hb170,693
hb202,693
hb254,693
hb286,693
hb291,693
hb297,693
hb700,693
hb001,694
hb088,694
hb133,694
hb188,694
hb266,694
hb287,694
hb291,694
hb088,695
hb143,695
hb155,695
hb202,695
hb239,695
hb261,695
hb262,695
hb263,695
hb265,695
hb272,695
hb291,695
hb297,695
hb298,695
hb299,695
hb998,695
hb088,696
hb155,696
hb188,696
hb202,696
hb263,696
hb266,696
hb272,696
hb278,696
hb287,696
hb291,696
hb296,696
hb700,696
hb088,697
hb170,697
hb202,697
hb254,697
hb272,697
hb274,697
hb286,697
hb300,697
hb301,697
hb302,697
hb088,698
hb179,698
hb188,698
hb202,698
hb266,698
hb272,698
hb278,698
hb287,698
hb303,698
hb700,698
hb701,698
hb239,699
hb265,699
hb297,699
hb298,699
hb299,699
hb088,700
hb154,700
hb202,700
hb240,700
hb266,700
hb272,700
hb278,700
hb287,700
hb292,700
hb293,700
hb296,700
hb088,701
hb143,701
hb170,701
hb202,701
hb254,701
hb272,701
hb274,701
hb293,701
hb297,701
hb300,701
hb301,701
hb302,701
hb700,701
hb701,701
hb702,701
hb998,701
hb088,702
hb133,702
hb154,702
hb179,702
hb188,702
hb202,702
hb240,702
hb266,702
hb272,702
hb287,702
hb293,702
hb303,702
