0,hb251,,2017-11-14 11:30:14
0,hb254,,2017-06-01 08:39:03
0,hb255,,2018-01-20 20:17:39
0,hb256,,2017-06-01 08:51:49
0,hb257,,2018-02-01 08:58:13
0,hb258,,2018-02-01 08:59:12
0,hb259,,2018-02-15 08:09:01
0,hb260,,2018-03-10 05:30:26
0,hb261,,2018-03-13 07:51:47
0,hb262,,2018-03-19 07:55:41
0,hb263,,2018-06-26 07:46:56
0,hb264,,2018-05-31 07:45:56
0,hb265,,2018-08-01 06:26:00
0,hb266,,2018-08-02 03:17:46
0,hb269,,2018-09-11 10:49:56
0,hb270,,2018-09-14 11:13:22
0,hb271,,2018-09-20 08:47:33
0,hb272,,2018-09-27 07:42:37
0,hb273,,2019-02-12 07:54:45
0,hb274,,2019-02-28 08:06:31
0,hb275,,2019-05-08 04:33:45
0,hb276,,2019-05-09 09:07:45
0,hb277,,2019-07-11 08:50:01
0,hb278,,2019-07-16 23:37:28
0,hb279,,2019-08-06 11:13:33
0,hb280,,2019-08-06 11:15:20
0,hb281,,2019-08-06 11:15:56
0,hb282,,2019-08-06 11:16:39
0,hb283,,2019-08-06 11:19:34
0,hb284,,2019-08-06 11:20:06
0,hb285,,2019-08-08 09:12:28
0,hb286,,2019-09-19 07:52:29
0,hb287,,2019-10-08 05:40:39
0,hb288,,2019-10-08 05:44:11
0,hb289,,2019-11-28 08:51:21
0,hb290,,2019-11-12 08:44:11
0,hb291,,2019-12-05 10:40:53
0,hb293,,2020-01-30 08:18:34
0,hb294,,2020-02-04 08:51:22
0,hb295,,2020-02-04 08:52:06
0,hb296,,2020-02-11 08:13:12
0,hb297,,2020-02-11 08:17:32
0,hb298,,2020-02-11 10:25:19
0,hb299,,2020-02-11 10:23:56
0,hb300,,2020-03-03 07:58:08
0,hb301,,2020-03-03 07:58:46
0,hb302,,2020-10-22 08:11:36
0,hb303,,2020-10-22 09:03:51
0,hb699,,2019-08-01 08:43:52
0,hb700,,2018-01-11 08:10:05
0,hb701,,2018-01-11 08:12:35
0,hb702,,2018-01-11 08:13:03
0,hb703,,2018-01-11 08:14:07
0,hb704,,2018-11-15 07:33:59
0,hb706,,2019-01-31 11:33:43
0,hb707,,2019-01-31 11:34:37
0,hb708,,2014-03-27 07:54:45
0,hb709,,2014-03-27 07:54:45
0,hb710,,2014-03-27 07:54:45
1,hb169,,2014-10-27 11:00:35
1,hb170,,2014-10-27 11:03:04
1,hb249,,2017-08-10 11:27:30
1,hb250,,2017-09-27 11:28:52
1,hb251,,2018-02-22 07:30:00
1,hb254,,2018-04-28 05:00:00
1,hb255,,2018-02-22 07:30:00
1,hb256,,2018-04-28 05:00:00
1,hb257,,2018-02-22 07:30:00
1,hb258,,2018-02-22 07:30:00
1,hb259,,2018-04-28 05:00:00
1,hb261,,2018-06-28 07:30:00
1,hb262,,2018-06-28 07:30:00
1,hb263,,2018-11-23 23:00:00
1,hb264,,2018-10-02 07:30:00
1,hb265,,2018-10-02 07:30:00
1,hb266,,2018-09-27 08:30:00
1,hb270,,2019-06-27 07:30:00
1,hb272,,2018-09-27 08:30:00
1,hb274,,2019-04-30 07:30:00
1,hb276,,2019-06-27 08:30:00
1,hb278,,2019-08-29 08:30:00
1,hb279,,2019-11-23 03:00:00
1,hb281,,2019-11-23 03:00:00
1,hb282,,2019-11-23 03:00:00
1,hb285,,2019-08-29 08:30:00
1,hb286,,2019-11-23 03:00:00
1,hb287,,2019-11-23 03:00:00
1,hb288,,2019-12-12 08:30:00
1,hb704,,2019-04-30 08:30:00
2,hb169,,2018-02-22 07:30:00
2,hb170,,2018-02-22 07:30:00
2,hb239,,2017-03-14 11:17:27
2,hb243,,2017-05-16 11:22:15
2,hb249,,2018-02-22 07:30:00
2,hb251,,2018-05-03 07:30:00
2,hb254,,2019-11-23 03:00:00
2,hb258,,2018-05-03 07:30:00
2,hb261,,2018-10-30 07:30:00
2,hb262,,2018-10-30 07:30:00
2,hb263,,2019-06-27 07:30:00
2,hb265,,2018-10-30 07:30:00
2,hb266,,2018-11-23 23:00:00
2,hb272,,2018-10-30 07:30:00
2,hb274,,2019-08-29 07:30:00
2,hb276,,2019-06-27 08:30:00
2,hb278,,2019-09-26 08:30:00
2,hb285,,2019-09-26 08:30:00
2,hb287,,2019-11-23 03:00:00
2,hb704,,2019-04-30 08:30:00
3,hb169,,2018-08-23 07:30:00
3,hb170,,2018-08-23 07:30:00
3,hb214,,2016-03-03 09:01:28
3,hb233,,2016-12-13 11:14:20
3,hb239,,2018-11-27 07:30:00
3,hb245,,2017-06-08 11:23:28
3,hb247,,2017-07-06 11:24:53
3,hb248,,2017-07-18 11:26:10
3,hb249,,2018-05-03 07:30:00
3,hb251,,2018-06-28 07:30:00
3,hb258,,2018-06-28 07:30:00
3,hb261,,2018-11-27 07:30:00
3,hb262,,2018-11-27 07:30:00
3,hb263,,2019-11-23 03:00:00
3,hb265,,2018-11-27 07:30:00
3,hb266,,2019-04-30 08:30:00
3,hb267,,2018-08-21 11:08:25
3,hb272,,2018-11-23 23:00:00
3,hb276,,2019-09-26 08:30:00
3,hb278,,2019-11-23 03:00:00
3,hb705,,2019-01-31 11:32:56
3,hb998,,2014-04-13 10:50:54
4,hb133,,2013-04-02 05:32:51
4,hb169,,2019-06-27 07:30:00
4,hb170,,2019-06-27 07:30:00
4,hb233,,2018-03-22 08:30:00
4,hb235,,2017-02-21 11:15:36
4,hb239,,2019-04-30 07:30:00
4,hb245,,2018-02-22 07:30:00
4,hb247,,2018-01-25 08:30:00
4,hb248,,2018-02-22 07:30:00
4,hb249,,2018-06-28 07:30:00
4,hb251,,2018-08-23 07:30:00
4,hb252,,2016-06-26 07:51:09
4,hb258,,2018-08-23 07:30:00
4,hb261,,2019-04-30 07:30:00
4,hb262,,2019-04-30 07:30:00
4,hb265,,2019-04-30 07:30:00
4,hb266,,2019-06-27 08:30:00
4,hb272,,2019-04-30 07:30:00
4,hb276,,2019-09-26 08:30:00
4,hb998,,2018-04-28 05:00:00
4,hb999,,2013-04-02 10:40:58
5,hb133,,2019-12-12 08:30:00
5,hb156,,2014-07-27 10:56:46
5,hb162,,2020-03-10 08:52:21
5,hb169,,2019-11-23 03:00:00
5,hb170,,2019-11-23 03:00:00
5,hb172,,2015-01-08 11:05:47
5,hb173,,2015-01-08 11:07:10
5,hb233,,2018-03-22 08:30:00
5,hb235,,2018-03-22 08:30:00
5,hb239,,2019-06-25 07:30:00
5,hb245,,2018-05-03 07:30:00
5,hb247,,2018-01-25 08:30:00
5,hb248,,2018-10-30 07:30:00
5,hb249,,2018-08-23 07:30:00
5,hb251,,2018-11-23 23:00:00
5,hb252,,2018-02-22 07:30:00
5,hb258,,2018-11-23 23:00:00
5,hb261,,2019-06-25 07:30:00
5,hb262,,2019-06-25 07:30:00
5,hb265,,2019-06-25 07:30:00
5,hb266,,2019-08-29 08:30:00
5,hb272,,2019-08-29 07:30:00
5,hb998,,2018-10-02 07:30:00
5,hb999,,2019-11-23 03:00:00
6,hb140,,2013-10-31 10:47:22
6,hb156,,2018-11-23 23:00:00
6,hb169,,2019-11-23 03:00:00
6,hb170,,2019-11-23 03:00:00
6,hb172,,2018-03-22 08:30:00
6,hb173,,2018-03-22 08:30:00
6,hb233,,2018-11-23 23:00:00
6,hb235,,2018-11-24 11:00:00
6,hb239,,2019-08-27 07:30:00
6,hb240,,2017-04-06 11:19:08
6,hb245,,2018-06-28 07:30:00
6,hb247,,2018-03-22 08:30:00
6,hb249,,2018-11-23 23:00:00
6,hb252,,2018-06-26 07:30:00
6,hb261,,2019-08-29 07:30:00
6,hb262,,2019-08-29 07:30:00
6,hb265,,2019-08-27 07:30:00
6,hb266,,2019-12-12 08:30:00
6,hb268,,2018-08-21 11:05:04
6,hb272,,2019-11-23 03:00:00
6,hb998,,2018-11-23 23:00:00
7,hb139,,2013-10-31 10:43:46
7,hb143,,2014-04-13 10:49:31
7,hb156,,2019-08-29 07:30:00
7,hb172,,2018-11-23 23:00:00
7,hb173,,2018-11-23 23:00:00
7,hb174,,2015-01-08 11:08:16
7,hb204,,2016-01-14 11:09:34
7,hb205,,2016-01-14 11:11:03
7,hb220,,2016-05-05 11:12:33
7,hb233,,2018-11-23 23:00:00
7,hb235,,2018-11-24 11:00:00
7,hb239,,2019-11-23 03:00:00
7,hb240,,2018-01-25 08:30:00
7,hb241,,2017-04-06 11:20:53
7,hb245,,2018-08-23 07:30:00
7,hb247,,2018-05-03 08:30:00
7,hb249,,2019-08-27 07:30:00
7,hb252,,2018-08-23 07:30:00
7,hb261,,2019-11-23 03:00:00
7,hb262,,2019-11-23 03:00:00
7,hb265,,2019-11-23 03:00:00
7,hb268,,2019-04-30 08:30:00
7,hb998,,2019-08-29 07:30:00
8,hb139,,2018-05-15 07:30:00
8,hb143,,2018-03-22 08:30:00
8,hb153,,2014-06-19 10:52:43
8,hb172,,2019-11-23 03:00:00
8,hb173,,2019-11-23 03:00:00
8,hb174,,2018-03-22 08:30:00
8,hb204,,2018-01-25 08:30:00
8,hb205,,2018-01-25 08:30:00
8,hb220,,2018-04-28 05:00:00
8,hb240,,2018-03-22 08:30:00
8,hb241,,2018-01-25 08:30:00
8,hb245,,2018-11-23 23:00:00
8,hb247,,2018-11-23 23:00:00
8,hb252,,2018-11-23 23:00:00
8,hb998,,2019-11-23 03:00:00
9,hb143,,2018-10-30 07:30:00
9,hb154,,2014-07-10 05:39:17
9,hb155,,2014-07-10 10:54:46
9,hb166,,2014-09-09 10:58:58
9,hb174,,2018-11-23 23:00:00
9,hb202,,2015-11-17 05:48:58
9,hb204,,2018-03-22 08:30:00
9,hb205,,2018-03-22 08:30:00
9,hb220,,2018-11-23 23:00:00
9,hb240,,2018-09-27 08:30:00
9,hb241,,2018-03-22 08:30:00
9,hb247,,2019-04-30 08:30:00
9,hb252,,2019-06-27 08:30:00
10,hb108,,2011-06-30 05:28:04
10,hb128,,2013-02-05 05:29:35
10,hb143,,2018-11-23 23:00:00
10,hb152,,2014-06-19 05:37:48
10,hb154,,2018-04-28 05:00:00
10,hb155,,2018-04-28 05:00:00
10,hb174,,2019-11-23 03:00:00
10,hb179,,2015-01-29 05:43:21
10,hb181,,2015-02-10 05:44:41
10,hb187,,2015-04-25 05:46:06
10,hb188,,2015-05-12 05:47:17
10,hb202,,2018-04-28 05:00:00
10,hb203,,2016-01-14 05:51:03
10,hb204,,2018-04-28 05:00:00
10,hb205,,2018-04-28 05:00:00
10,hb240,,2018-11-23 23:00:00
10,hb241,,2018-04-28 05:00:00
10,hb247,,2019-11-23 03:00:00
10,hb252,,2019-11-23 03:00:00
10,hb253,,2014-03-25 08:29:59
11,hb128,,2019-11-23 03:00:00
11,hb152,,2018-04-28 05:00:00
11,hb179,,2019-11-23 03:00:00
11,hb188,,2019-11-23 03:00:00
11,hb202,,2019-11-23 03:00:00
12,hb001,,2004-08-01 05:23:29
13,hb065,,2009-01-29 05:24:58
13,hb099,,2011-02-01 05:26:31
13,hb292,,2020-01-28 08:49:05
14,hb088,,2010-02-18 05:20:02
